S01E000062742D626F6F746C6F616465722D6170706C6F616465722E733337C3
S315000000000810002087A800008BA8000059A5000052
S315000000108BA800008BA800008BA800008BA800000E
S315000000208BA800008BA8000058C600008BA8000013
S315000000308BA8000008C600008BA800008BA8000053
S315000000408BA800008BA800008BA800008BA80000DE
S315000000508BA800008BA800008BA800008BA80000CE
S315000000608BA800008BA800008BA800008BA80000BE
S315000000708BA800008BA800008BA800008BA80000AE
S315000000808BA800008BA800008BA800008BA800009E
S315000000908BA800008BA800008BA800008BA800008E
S315000000A08BA800007D1600005D1600008BA80000DE
S315000000B08BA80000ED8800008BA80000C591000009
S315000000C015C2000011C20000358900002BC20000D5
S315000000D019C20000959100001DC20000C59B0000DA
S315000000E0C5790000157A0000059200008BA8000073
S315000000F08BA800008BA800008BA800008BA800002E
S315000001008BA800008BA800008BA800008BA800001D
S315000001108BA800008BA800008BA800008BA800000D
S315000001208BA800008BA800008BA800008BA80000FD
S315000001308BA800008BA800008BA800008BA80000ED
S3150000014070B54FF0FF358AB0064633480BF018FB02
S315000001503249334B334C0B60334B00224B60334BED
S3150000016020461B8825604B82314B1B68CB61314B87
S315000001701B880B82304B1B688B6104F083FA24A327
S31500000180D3E90023CDE900234FF0FF334FF0FF32D0
S3150000019020680BF05BFB2946022220680BF080FBEF
S315000001A094223C230025CDE903320593962303A927
S315000001B020680693CDE90755099504F019FB02F06E
S315000001C0A1FA29462546206802F0A8FA20680BF015
S315000001D0CEFBB6F9001055F8080B04F069FC7668FA
S315000001E066B928460BF052F8A37B66F30003A373A7
S315000001F0202323840AF0F2F80AB070BD3068A060AC
S31500000200B288B379AA80AB71F2E700BFAFF3008082
S315000002100855005100000000690345EC3C1B002016
S31500000220C93C0000701B0020601B002040CA000073
S3150000023044CA000042CA000048CA00000348044BF2
S31500000240834202D0034B03B118477047E8240020CD
S31500000250E824002000000000064B0749C91A89104F
S3150000026048BF0131491003D0044B0BB10148184770
S31500000270704700BFE8240020E824002000000000AA
S3150000028010B5064C237843B9FFF7D8FF044B13B1DA
S315000002900448AFF300800123237010BD4A240020D8
S315000002A0000000001005010008B5054B1BB105490B
S315000002B00548AFF30080BDE80840FFF7CDBF00BF9B
S315000002C0000000003812002010050100A3F5803A56
S315000002D0704700BF174B002B08BF134B9D46FFF717
S315000002E0F5FF00218B460F461348144A121A0AF0EE
S315000002F02BFF0E4B002B00D098470D4B002B00D048
S3150000030098470020002104000D000D48002802D067
S315000003100C48AFF3008002F0B3FE2000290000F085
S315000003203FFA02F09BFE00BF00000800000000003C
S31500000330000000000810002008100020882400207B
S31500000340000000000000000010B5144BADF5087D5C
S3150000035002AC0FCB84E80F002C22002106A80AF07D
S31500000360F3FEFF234FF4967200213DA88DF8193055
S315000003700AF0EAFE4822002111A80AF0E5FE6822EA
S31500000380002123A80AF0E0FE009423AB11AA3DA9A0
S3150000039006A800F0E1F80DF5087D10BD58C500006F
S315000003A00122044B1A700023034A1370034A137088
S315000003B0704700BF4D2400204C2400204B24002011
S315000003C0002238B5134B144C1A700122134B1A70C5
S315000003D023689A78EAB1DA78DAB11A78510707D53C
S315000003E0986A0AF098F818B14FF4C03000F0BEF9D8
S315000003F023681A7892070CD55D680AF074F885426E
S3150000040007D923684FF4C030596ABDE8384000F078
S315000004107DB938BD4D240020681200204C240020F0
S3150000042007B5024601200B460649087006490748EB
S315000004300968009106490068096800F0B9FB03B035
S315000004405DF804FB4B24002064120020601200209B
S3150000045068120020044A05490548202312680968E5
S31500000460006800F06BBB00BF581200205C12002031
S3150000047060120020094B1A68D37892782AB1002BB3
S3150000048041F20C0018BF0020704740F2057241F29D
S315000004900C00002B18BF1046704700BF68120020E2
S315000004A008B502F0CDFB02F029F802F017F8BDE816
S315000004B0084001480AF05DBE5012002070B5244B7A
S315000004C0244C18681B7992B08DF80C302388029062
S315000004D0ADF80D30A37868468DF80F300AF057FE58
S315000004E041F60833ADF810309DF80630BDF804200B
S315000004F0C3F300038DF8183040F60223ADF8283018
S3150000050000230098ADF816208DF82A30CDF8120099
S3150000051002AD02F0DFFD02F0E3FD2046032102F00A
S31500000520E5FD02F0EBFD02F0CFFD112128460AF0B1
S3150000053040FE03210AA80AF043FE01200AF047FE06
S31500000540002840F2017008BF002012B070BD00BF45
S3150000055068C500006EC5000070B5134C134E2060D0
S315000005601348144D016014490A60144A1360049A32
S31500000570134B1A6033780BB10AF007FE2B78002B69
S31500000580F8D0104B1B784BB123689A784AB1DB78C8
S3150000059040F20570002B18BF002070BD40F20370BA
S315000005A0FBE740F20570F8E7681200204D240020B2
S315000005B0601200204C2400205C12002058120020FB
S315000005C0641200204B240020F0B5421ED11C0346C5
S315000005D085B023D80021896A04304969B1F5002F16
S315000005E028BF4FF40021884218D86E460C4C04F1FF
S315000005F01007354620686168083403C5BC422E469C
S31500000600F7D104A90F3311F8014D12F8010F8442F6
S3150000061004D19A42F7D1012005B0F0BD0020FBE7D6
S3150000062072C500002DE9F0410368044603F16043FA
S31500000630B3F5004F4FF000069CB061D8B26A43682C
S3150000064017699F425CD8B3F5002F59D8456B07F15F
S315000006504003AB4256D8B5F5002F53D82846FFF7CE
S31500000660B3FF00284ED0284609F036FFA0B1D5F8D2
S315000006701480B8F1000F0FD0B8F1020F0FD1AB699B
S31500000680C4F1040119444FF0FF32204600F0AAFDE0
S315000006901D4BC31A584258411CB0BDE8F081766B19
S315000006A03046FFF791FF0028F6D0A7F150039E428F
S315000006B026D8B8F1010F23D1AD69AF4220D8AC429C
S315000006C01ED8B5F5002F1BD802A800F047FE21461C
S315000006D02A1B02A80AF06EF802A80AF06DF800F0CC
S315000006E051FE044600F052FE23460090294605F1CD
S315000006F0200202A800F0B8FDB0FA80F04009CBE76E
S315000007000020C9E70120C7E7E320BBDE70B54FF044
S31500000710FF328AB005460C4600F064FD114B984244
S315000007201CD140F2022000F00FF90F4E20220021CA
S3150000073002A80AF009FD294601A801960BF0EDFE74
S31500000740211F01A80BF0E9FE0AF002F9B04202D11E
S3150000075001A80AF009F901A80BF03EFE00200AB034
S3150000076070BD00BFE320BBDE0100064310B50446A2
S315000007708AB040F2022000F0E7F82022002102A809
S315000007800AF0E2FC054B214601A801930BF0C5FED9
S3150000079001A80BF021FE00200AB010BD00000343A3
S315000007A010B501F033FE01280DD1214B04205A6EFD
S315000007B04FF480231F494B6601F510410862500330
S315000007C05CBF1D4A53661D4BD3F88420110606D420
S315000007D04FF400621A67D3F88420D206FBD409F0DE
S315000007E0ADFE00F09BF809F018FE09F018FE18B1EE
S315000007F04FF4017009F022FFFFF7A6FD044609F049
S3150000080010FE1CB140F203739C4206D140F2012057
S3150000081009F014FF4FF4017005E0A4F20574012CF1
S31500000820F8D840F2032009F009FF002010BD00BFF0
S31500000830008000500090005000A000500040005082
S315000008400123F7B58DF806308DF807302E4BD3F817
S3150000085094305A060FD500F083F8A0F2022080B239
S31500000860072808D8C923C340DB0742BF00238DF8F9
S3150000087006308DF807304FF490335B68013308D1AA
S315000008804FF4027000F060F800238DF806308DF802
S3150000089007309DF8073063B14FF49030FFF7C2FE82
S315000008A08DF806009DF806301BB94FF4027000F073
S315000008B04BF89DF806302BB34FF400454FF0FF324E
S315000008C0124B134C9D6603F174431A664FF6FF7282
S315000008D05A660023C4F8D030BFF34F8FBFF36F8F33
S315000008E04FF440370B4E032001F054FE03203761CE
S315000008F001F070FE4FF49030074BF7609D66A060E4
S3150000090009F020FE03B0F0BD0040005000900050FA
S3150000091000ED00E000A0004400A000504CF23C3284
S31500000920014B5A80704700BF000000204AF6C030D5
S31500000930044B5B8823F00F039BB21B1A58425841A5
S31500000940704700BF00000020044A08B51080FFF77A
S31500000950EDFF10B94FF20F03538008BD00000020D1
S315000009604FF20F01084B5A888A4201D11888704706
S315000009703AB91B8840F20220012B18BF4FF40070D1
S3150000098070474FF400707047000000204FF40032AB
S3150000099008B5044B9A6601F083FCB0FA80F0400972
S315000009A008BD00BF00900050072BF8B506460F465D
S315000009B014461D4601D90020F8BD0121202000F073
S315000009C0DDFF0121212000F0D9FF8CB144EA0603A6
S315000009D09B07F0D14FF40032064B31469A66284603
S315000009E023463A4601F086FCB0FA80F04009E3E778
S315000009F00120E1E70090005030B5024600230C25A7
S31500000A00054905FB03F460180C59944203D00133E1
S31500000A100C2BF6D1002030BDA0C60000F0B5002397
S31500000A20082787B0CDE9013315463B46009704AA4F
S31500000A30044609F02AFE41F203039842064623D1F2
S31500000A4094F8433053B13A46E06C04A909F0B2FE7B
S31500000A5004AA3B461146A06C09F09BFE059A049B2E
S31500000A606A6094F843202B6052B9094A934207D032
S31500000A70084A934204D00822E06C04A909F09AFEC1
S31500000A806B68236500236365304607B0F0BD00BF81
S31500000A90F70A0AF7FC0404FC2DE9F04799465B685F
S31500000AA004460F469046002B3ED011F003033ED17C
S31500000AB09B6A006E1B6981181D1DA9421BD31C333E
S31500000AC0984218D2A842024638BF2A46994294BF95
S31500000AD0C2EB010AC2EB030A101A3E18C5F1680000
S31500000AE010443146524620440AF036FB5246FF2156
S31500000AF030460AF029FB226E0E4B9A420BD80E495D
S31500000B0002EB0800884206D99B1AFA58C4F88020DE
S31500000B104FF0FF32FA50D9E9003542463946206E89
S31500000B20A847236E434423660020BDE8F08741F2C0
S31500000B300200FAE704800100078001002DE9F04178
S31500000B4000254FF0FF3704468846164603F020037B
S31500000B5080F842301822FF21C0E91855A0F840500D
S31500000B6080F84350A0F8445080F84650C0F888708A
S31500000B7068300AF0E9FA88222946C4E91286C4F8E0
S31500000B808070C4F8847004F190000AF0DDFA074B17
S31500000B90C4F82071C4E946350123A4F8243116B1FE
S31500000BA0304600F0DBFB0020BDE8F08100010101CA
S31500000BB02DE9F04F9BB09946CDE907230023044663
S31500000BC00E464FF00108249D09930999B7E094F861
S31500000BD046300C2B00F2AF80062B7BD901229A40BF
S31500000BE012F4286F40F03A8212F4885F40F09B813D
S31500000BF00A2B40F0A480DFF820B4636D072B00F2C7
S31500000C004C814FF0080A38232046CDE90188CDF8FB
S31500000C1000A00CAA07A909F038FD41F20303984287
S31500000C2040F0A680337843F0040333700D9BB36223
S31500000C3073785F071CD50020236DCDF828B0C4F863
S31500000C40843094F84530606643F0020384F84530FA
S31500000C50EF686FB104222B680AA9B847606E2B684B
S31500000C605246EF680CA95044B847636E103363666A
S31500000C700B2384F84630C0E7A3F10E02052A00F2E2
S31500000C803B82DFE812F0A8020600F400EE01EE0156
S31500000C90A6020027636D0F2B00F2998010232046D1
S31500000CA00093CDE9018740230AAA07A909F0EDFCC4
S31500000CB041F2030398425BD1D4F848A000F06AFBE6
S31500000CC080230221CDE900030BAA0123504600F040
S31500000CD0A1FADFE7013B052B36D8DFE813F07A00EF
S31500000CE074000600BF01D2002C010127636D072B9B
S31500000CF000F2D380082320460093CDE901774023F4
S31500000D000AAA07A909F0C1FC41F2030398422FD1B0
S31500000D1033780B9A43F0020333700A9B7360236D9A
S31500000D20083B7362002A00F0DF80132384F8463004
S31500000D3041F201001CE0A3F10D02062A9CD94945A7
S31500000D40FFF445AF002064E020460AAA07A9FFF792
S31500000D5065FE41F2030398420AD10B9B0A9A23656A
S31500000D6000236365AA4B9A42DFD1022384F84630FA
S31500000D7041F203030590059A9A423FF426AF47E0F5
S31500000D80082320460093CDE9018740230AAA07A934
S31500000D9009F07BFC41F203039842E9D10A9B03F078
S31500000DA07F43B3F1407F05D0132341F2090084F855
S31500000DB04630DDE70B9BD80706D594F8423043F062
S31500000DC0010384F842300027636D072BD8D901232D
S31500000DD0AEE020460AAA07A9FFF720FE41F2030368
S31500000DE09842074609D10A98FFF706FE034698B9C6
S31500000DF0132341F2080784F8463041F203030597AE
S31500000E00059A9A423FF4E1AE059B0BB10023F370BD
S31500000E1005981BB0BDE8F08F427994F825119142F0
S31500000E2005D9132341F20E0784F84630E5E7016839
S31500000E307848814205D01989C90748BF013284F82C
S31500000E40252194F84220D0070DD5198994F843201E
S31500000E50890706D53AB1132341F2010784F84630D3
S31500000E60CBE7002AF7D01B7984F84630C5E7226D18
S31500000E700123A265002284F84330E26584F84630F7
S31500000E80A3E6402200210AA80AF05EF90127D4E968
S31500000E901432934204D884F8467041F2030067E79F
S31500000EA0009320464023CDE901770AAA07A909F055
S31500000EB0ECFB41F2030398427FF45AAF0DF1280C84
S31500000EC006F108030DF1400E624603CA724518602A
S31500000ED05960944603F10803F6D110681860337818
S31500000EE043F001033370D2E7042384F8463094F8C4
S31500000EF04530626643F0010384F84530F6E6042384
S31500000F0020460093CDE9017740230AAA07A909F0F4
S31500000F10BCFB41F2030398427FF42AAF236D042BF6
S31500000F2002D90A9B23660127636D032BE7D90923A0
S31500000F3084F84630B1E70023636607239EE7BB4289
S31500000F40C0F08680402F28BF40279F4228BF1F46FB
S31500000F50032F88BF27F0030740232046CDE90188E9
S31500000F6000970AAA07A909F090FB41F203039842E9
S31500000F707FF4FEAE94F84620072A27D1D5F808B0AC
S31500000F80BBF1000F22D02B683A46606E0AA9D847FB
S31500000F90636E3B44636649E00AA901F803A0013386
S31500000FA0032BF9D9042FC7F1040B88BF4FF0000BB0
S31500000FB0092ABB440CD12B465A4620460AA9FFF7FC
S31500000FC06BFD002832D041F20200D1E63B46E7E74E
S31500000FD0042A23D17378980728D5EB6833B3626E59
S31500000FE0042A0BD80BEB0203062B07D90BAB9B1A73
S31500000FF01A68C4F884204FF0FF321A60EF682B6835
S315000010005A46606E0AA9B847636E5B44C2E700BFE2
S31500001010EB17A603F90707F9EB17A65E0B2A05D10E
S315000010207378590702D5EF68002FE8D1D4E9147315
S315000010309F427FF6CCAEFF1ADDE908329B1A94F880
S315000010404020032F13447FF67AAF032B3FF67AAF87
S31500001050204607A909F0F9FA002089E64FF0FF0AB1
S31500001060E4E700218A6A496B1269503A91423FF6D9
S315000010705FAE112B0AD194F81831002B7FF4A7AE7E
S31500001080132341F2060084F8463071E694F84430A2
S31500001090002B7FF49CAECDE901334023204600931C
S315000010A00AAA07A909F0F1FA41F2030398427FF46C
S315000010B05FAEE06C09F080FB94F81831D4F84CA0D0
S315000010C06BB104F1B403009304F19403504612AAE1
S315000010D00AA900F0C9F850B10023F370D0E700F078
S315000010E051F9074600F052F93B460090EEE701231E
S315000010F0F37084F844306AE600234FF00408CDE923
S31500001100013320464023CDF800800AAA07A909F03A
S31500001110BCFA41F20303984209D1D4F888202F4B38
S315000011209A4206D0132341F2050084F84630059012
S315000011306EE60123F37094F84530DA0707D5EF68B9
S315000011402FB1424640462B6804F18401B84794F813
S3150000115045309B0707D5EF682FB104222B68104650
S3150000116004F18401B847236E63B36F6857B34FF039
S31500001170FF3304F180080422414606A8069309F0CD
S31500001180BAFF20B1042241462B681548B84704F13E
S3150000119068090422494606A809F0ADFF90B100236C
S315000011A09B6A1422D3F8108004F16C0108F1080040
S315000011B0D5E90037B847D5E900370422494608EB98
S315000011C00200B8470123B3700E23002084F846308E
S315000011D0ADE70023F37041F207001AE6E320BBDE19
S315000011E00480010030B50824094B00255C66012403
S315000011F003F5FE235C6001449D601A61DC60884251
S3150000120001D1586A30BD10F8012B1A62F7E700BF0A
S3150000121000900050F8B516464FF400521D46114B8B
S3150000122004469A660222C3F860220F4609F0D8FBEC
S31500001230DDE90612204609F0D7FB002384F8387052
S3150000124063623368C4F839307368C4F83D30B368F4
S31500001250C4F841302B0C6DBA84F84530A4F84650DA
S31500001260F8BD00BF009000502DE9F041B0B0144623
S315000012700D461A460646369B002867D0002965D0DB
S31500001280002C63D0002A61D0002B5FD006214FF4DA
S31500001290005006912F4920AF88660320C1F86002EE
S315000012A00021BE4609910C910F9105F12008F446E4
S315000012B0286869680835ACE803004545E646F6D176
S315000012C00DF1A00C04F1200E654620686168083413
S315000012D003C57445AC46F7D10DF1400C654602F1E5
S315000012E0200E2C4610685168083203C47245254604
S315000012F0F7D118AC03F1200522461868596808335F
S3150000130003C2AB421446F7D14023CDE90A730893D2
S3150000131020230AAA0E9303AB07CACDF81CC00D966C
S3150000132083E8070007AB93E807008DE807000DABDD
S315000013300ECB094809F01CFE0690069B40F204609D
S31500001340002B08BF002030B0BDE8F08140F20160FC
S31500001350F9E700BF0090005018C800004FF4005293
S31500001360074B10B59A6602220446C3F8602209F0BC
S3150000137026FA2046BDE81040002109F024BA00BF35
S3150000138000900050004870474CE307000048704743
S315000013906CE307000048704786E207002DE9F34733
S315000013A01446DDE90A920D461F4600284CD1002C52
S315000013B041D013683F2B42D85168002941D02549B6
S315000013C0002F14BFB846884603F03F061B1913606A
S315000013D022BF536801335360C6B3C6F1400A544571
S315000013E023D32946524609EB060009F0B5FE012330
S315000013F0264400934A463B4641460020A6F1400457
S3150000140009F0FDF93F2C55440DD9B846A3092A46E3
S31500001410009341463B46002009F0F1F924F03F03D2
S315000014201D4404F03F0434B100262246294609EB48
S31500001430060009F091FE002002B0BDE8F087B8462C
S31500001440C2E7DFF81080BFE70348F5E73F2CDDD899
S31500001450EBE700BF70C7000080AFFFFF2DE9F0414A
S315000014601746146886B01E46E3008DF80F306309F0
S315000014708DF80E30630B8DF80D30630D8DF80C3042
S3150000148053680546DA0002EB54728DF80B2004F01F
S315000014903F045A09372C8DF80A204FEA53324FEA97
S315000014A053538DF80920884694BFC4F13802C4F11D
S315000014B07802CDE900178DF808300D490346002063
S315000014C0FFF76CFF08222B460020CDE900870DEBC5
S315000014D00201FFF763FF284605F1200350F8042BAD
S315000014E0984246F8042BF9D1002006B0BDE8F081F9
S315000014F030C7000010B50A46044619B1024B002158
S315000015001B68984710BD00BF90C70000BFF34F8F00
S315000015100549064BCA6802F4E0621343CB60BFF389
S315000015204F8F00BFFDE700BF00ED00E00400FA05A5
S315000015300348044A0449121A921009F0A7B900BFD9
S3150000154040010000400100008824002008B5164B29
S3150000155083F30A8800F032F8FFF7EAFFFFF770F925
S31500001560124B13498B4212D30020124B12498B4265
S3150000157018D3FEF7AFFE186850F82240586840F8B6
S315000015802240013298688242F5D30C33EAE7002202
S31500001590F8E71C6844F8220001325C68A242F8D3DE
S315000015A00833E4E70022F8E70800002018050100E8
S315000015B02405010024050100240501004FF4004123
S315000015C0134B144A70B59A60D3F88820124D42F432
S315000015D07002C3F88820114A05F5005491664FF051
S315000015E0FF3222664FF6DF7262660222C3F8D0200F
S315000015F0BFF34F8FBFF36F8F4FF44036032000F0D9
S31500001600E9FF0320E66000F0D7FF2E6170BD00BF42
S3150000161000ED00E000000000008000440090005053
S3150000162070B5044601260C4D04B970BD94FAA4F0B9
S31500001630B0FA80F006FA00F224EA0204C200AA58C0
S315000016400F2805EBC001C8BF1038002AECD0496846
S31500001650C0B29047E8E700BF6C12002008B500F062
S31500001660DDFE054B00F0553020F05020C3F8200475
S31500001670BDE80840FFF7D4BF00E0035008B500F00E
S31500001680CDFE054B00F0AA3020F0A020C3F82004C0
S31500001690BDE80840FFF7C4BF00E00350044BD3F891
S315000016A08420D206FBD4D3F88400C0F3811070479F
S315000016B00040005038B5184B0546D3F824010C46B7
S315000016C000F00700062823D8DFE800F0040A121A03
S315000016D01E0E1600012305B1286004B1236038BD33
S315000016E00AF0BEFD0523F6E70AF0BAFD0623F2E787
S315000016F00AF06EFE0323EEE70AF06AFE0423EAE729
S315000017000AF062FE0223E6E70AF0FCFE0723E2E7A0
S3150000171000231846DFE700BF0080005038B5104BA5
S315000017200546D3F800310C4603F00303022B0BD019
S31500001730032B0DD0012B0FD10AF04AFE032305B16E
S31500001740286004B1236038BD0AF0DEFE0823F6E700
S315000017500AF0D8FE0723F2E701230020EFE700BFD7
S315000017600080005038B5104B0546D3F820310C46A2
S3150000177003F00303022B0BD0032B0DD0012B0FD14B
S315000017800AF06EFD052305B1286004B1236038BD5B
S315000017900AF01EFE0323F6E70AF016FE0223F2E71E
S315000017A001230020EFE700BF0080005038B5104B42
S315000017B00546D3F840310C4603F00303022B0BD049
S315000017C0032B0DD0012B0FD10AF0A1FE092305B181
S315000017D0286004B1236038BD0AF096FE0823F6E7B8
S315000017E00AF098FE0B23F2E701230020EFE700BF83
S315000017F00080005038B5104B0546D3F860310C46D2
S3150000180003F00303022B0BD0032B0DD0012B0FD1BA
S315000018100AF07DFE092305B1286004B1236038BDB6
S315000018200AF072FE0823F6E70AF074FE0B23F2E7CD
S3150000183001230020EFE700BF0080005038B5104BB1
S315000018400546D3F840320C4603F00303022B0BD0B7
S31500001850032B0DD0012B0FD10AF059FE092305B138
S31500001860286004B1236038BD0AF04EFE0823F6E76F
S315000018700AF050FE0B23F2E700231846EFE700BFFD
S315000018800080005038B5144B0546D3F800020C46CC
S3150000189000F0070004281BD8DFE800F003090D114B
S315000018A01500012305B1286004B1236038BD0AF094
S315000018B02EFE0923F6E70AF027FE0823F2E70AF0D0
S315000018C029FE0B23EEE70AF06DFD0E23800AE9E7F9
S315000018D000231846E6E700BF00800050B0F5207FE1
S315000018E01FD009D8B0F5007F15D003D868B1B0F580
S315000018F0C07F0AD000200CE0B0F5607FFAD10B4B18
S31500001900D3F88000C0F3011003E0084B186FC0F352
S31500001910033001307047054BD3F89000C0F30460E4
S31500001920F7E7024B186FC0F38020F2E70080005003
S315000019304FF400320E4B014610B500209A66FFF7B1
S31500001940CDFF484341F671320A490B4B884294BF9A
S3150000195000200120DC69DA639A6822F4401242EA28
S3150000196000529A60E20344BF0022DA6310BD00BF52
S3150000197000900050005A6202000003505F2898BF92
S31500001980094B4FEA501294BF53F82230074B00F030
S315000019901F0029B103F58053012282401A60704767
S315000019A003F50053F8E700BFA0C7000060820050AF
S315000019B01FB50021B0F5807F0446019100F020811B
S315000019C000F29D80612800F295801F2805D8002826
S315000019D040F092800AF0E6FCE5E0A0F12004412CFC
S315000019E000F28A8001A353F824F000BFD519000045
S315000019F0AB1B0000D5190000AB1B0000CB1B000081
S31500001A00CB1B0000CB1B0000CB1B0000AB1B000058
S31500001A10AB1B0000731B00002D1B0000E71B000022
S31500001A20211C00002D1B0000AB1B0000AB1B00009F
S31500001A30AB1B0000F91A0000F91A0000F91A0000A1
S31500001A40F91A0000F91A0000F91A0000D51B000067
S31500001A504F1B0000AB1B0000AB1B0000AB1B0000C4
S31500001A60351C00002B1C0000AB1B0000F91A0000FF
S31500001A70F91A0000F91A0000F91A0000F91A000014
S31500001A80F91A0000F91A0000F91A0000F91A000004
S31500001A90F91A0000F91A0000F91A0000F91A0000F4
S31500001AA0D5190000F91A0000D5190000D519000053
S31500001AB0D5190000CB1B0000F91A0000F91A000026
S31500001AC0F91A0000F91A0000F91A0000F91A0000C4
S31500001AD0F91A0000F91A0000F91A0000F91A0000B4
S31500001AE0F91A0000F91A0000F91A0000D5190000C9
S31500001AF0D5190000802854D0019804B010BDB0F567
S31500001B00A06F67D028D8B0F5607F59D019D8B0F546
S31500001B10007F55D004D8B0F5C07F3FF45BAFEBE74C
S31500001B20B0F5207F41D0B0F5407FE5D10AF03AFC10
S31500001B3002464FF42070FFF7D1FEB2FBF0F25208D6
S31500001B403CE0B0F5806F40D0B0F5906FD4D1002165
S31500001B5001A8FFF7AFFDCFE7B0F5E06F65D016D867
S31500001B60B0F5C06F3FD0B0F5D06F59D0B0F5B06FBB
S31500001B70C2D10021324B0391D3F8803103F0030325
S31500001B80012B35D0022B37D0039B0193B4E7B0F578
S31500001B90F06F4FD0B0F5086FAED101A8FFF7BEFDCC
S31500001BA0AAE70AF0E7FB0190A6E70AF0FBFB02466C
S31500001BB04FF42070FFF792FEB2FBF0F201929BE722
S31500001BC00AF0D8FB02462046F4E7002101A8FFF7F9
S31500001BD0C9FD91E71A4BD3F8203203F00303012B1A
S31500001BE0F3D0022B88D1002101A8FFF7DFFD83E7A0
S31500001BF003A8FFF7B7FDC7E70AF0E6FB0390C3E7C4
S31500001C004FF0E02302911B695B0704D50AF0CAFB7B
S31500001C100290029BB9E703A902A8FFF7C7FDF8E700
S31500001C20002101A8FFF72EFE66E7002101A8FFF7B5
S31500001C3005FE61E7002101A8FFF7DCFD5CE700BFB8
S31500001C400080005008B58020FFF7B2FE034B984293
S31500001C509EBF4FF48032024B1A6708BD005A6202DB
S31500001C6000A000501FB503460020B3F5807F019009
S31500001C707FD027D8382B00F092800BD8243B092B35
S31500001C8010D8092B0ED8DFE803F06F6F6F6F0D0DBC
S31500001C905A0D3685522B67D007D83D2B3AD03E2BAE
S31500001CA000F08680019804B010BD802BFAD1434B1A
S31500001CB01B6F03F00703013B032BF3D8DFE803F0A8
S31500001CC03D36393BB3F5D06F64D019D8B3F5A06F64
S31500001CD065D00AD8B3F5806F46D0B3F5906FE1D1E1
S31500001CE0002001A9FFF7E6FCDCE7B3F5B06F26D0CC
S31500001CF0B3F5C06FD6D1002001A9FFF757FDD1E794
S31500001D00B3F5006FECD00AD8B3F5E06F50D0B3F559
S31500001D10F06FC7D1002001A9FFF76CFDC2E7B3F54C
S31500001D20086FBFD101A9FFF7F9FCBBE705230193B3
S31500001D30B8E70323FBE70723F9E70223F7E71F4B7F
S31500001D40D3F8804104F00304012C04D0022C08D0FF
S31500001D5000240194A6E7002103A8FFF703FD0F2442
S31500001D60F7E70AF031FBF4E7002001A9FFF7FAFCD8
S31500001D7098E74FF0E02302901B695B0705D50AF050
S31500001D8011FB0C230393039BD1E703A902A8FFF7DA
S31500001D900DFDF8E7002001A9FFF774FD82E7074B68
S31500001DA0D3F8203203F00303012BDDD0022BA1E789
S31500001DB0002001A9FFF742FD74E700BF0080005034
S31500001DC04FF40022034B5A66012203F580439A62C0
S31500001DD0704700BF0090005070B504468020FFF7A2
S31500001DE041FF032800F082804FF40022444B022179
S31500001DF05A6645F60E03434AC2F88030424B996252
S31500001E00012103F580539962936DD903FCD4D4E97B
S31500001E1000131B0543EA0163E17B94F823500B434F
S31500001E20217B43EA0143617B43EA0133A17B43EA19
S31500001E30811313619169D4E904031B0643EA8063A5
S31500001E4001F000410B43A17EE07E0B43217E43EA75
S31500001E500143617E43EA01239361E169136A002924
S31500001E6023F00D0343EA010314BF0121002143EAD5
S31500001E70800343EAC103136294F8203094F82200E9
S31500001E80916A4FEA431332D194F8216021F033016D
S31500001E9043EA06130B4343F0010393621B49194BB4
S31500001EA09A6D31EA0202FBD1022217498A621A654B
S31500001EB09A6D5200FCD41A69A16822F4700242EAB3
S31500001EC001521A614FF000420F4B9A6118B9022273
S31500001ED003F580539A6215B901220D4B9A6294F864
S31500001EE024301BB1074B0B4AC3F8802070BD21F08C
S31500001EF0330129430B4343EA40039362EFE700BFF4
S31500001F000090005000C0005000D000500300014077
S31500001F1000E00050F1A7FFFF014B93F90000704766
S31500001F204F240020014B1880704700BFC8240020B2
S31500001F30B0F5207F10B50C4642D008D8B0F5007F2A
S31500001F4033D003D888B1B0F5C07F0ED010BDB0F540
S31500001F50607FFBD11F4A4C1ED2F8803023F030033D
S31500001F6043EA0413C2F88030F0E708F0C1FC08F039
S31500001F70CDFC4FF48031184B164A1967136F013C9C
S31500001F8023F4704343EA043313670AF00BFA04465A
S31500001F90FFF784FBC0F10201204608F0B1FC00F017
S31500001FA035F8BDE81040FFF74DBE0A4A4C1ED2F880
S31500001FB0903023F0F85343EA0463C2F89030C5E743
S31500001FC0044A4C1E136F23F4806343EA8423136789
S31500001FD0BCE700BF008000500090005008B501210A
S31500001FE0022000F045F84FF42070FFF777FC054B10
S31500001FF0187008F07DFC08F089FC4FF48032024B23
S315000020001A6708BD4E2400200090005008B54FF412
S31500002010C070FFF7CDFCBDE808400449884294BF74
S31500002020012102214FF42070FFF782BF80F0FA02EF
S3150000203038B504460AF0B6F90546FFF72FFBC0F19E
S315000020400201284608F05CFC0121002000F050F84F
S315000020502CB1FFF7DBFFBDE83840FFF7F3BD034BBC
S315000020604FF420701978FFF763FFF4E74E24002041
S31500002070F8B504461C4BD3F88420D106FBD4D3F81C
S315000020808430C3F381139C422CD00AF073F9012CDF
S31500002090064602D1214608F033FC0AF024FA4FF036
S315000020A00072124B07465A66204608F034FC4FF47D
S315000020B080630D4D621E93402B676B6E9A0103D4AD
S315000020C0D5F884309B060AD538460AF007FA022C62
S315000020D008D13046BDE8F840002108F011BCD5F81B
S315000020E08430EAE7F8BD00BF0040005000600050B1
S315000020F010B50C4608B90AF03DF9074B21461B7886
S315000021003BB1064B984204D80120BDE81040FFF7CA
S31500002110AFBF0220F9E700BF50240020005A620238
S315000021204FF0004238B5264B26495A6601224A60CE
S315000021304AF6CD3103F50B235D6C1964154030BBAF
S315000021409968C9070BD4002401221F4B5A6015B1A8
S315000021501E4B1F4A1A6409F0BAFB204638BD1A49BD
S315000021608A601C4AD96ACC0705D4904201D107245B
S31500002170EAE70130F6E79042E5D1F8E70132DC6A9A
S3150000218014F0080406D08A42F8D10724DFE70022BB
S315000021901049F4E78A42F8D020220B4B0B495A62C9
S315000021A00122A3F580539A6023460A4A486A8006AC
S315000021B003D49342E9D00133F8E79342C7D1E4E769
S315000021C0009000500050095000600950004009502E
S315000021D03254FFFF40420F004FF0004238B5174B14
S315000021E0174C5A66012203F50C235A604AF6CD3382
S315000021F0656C2364437893401343124AD363C378D0
S315000022008178A2689B0043EA011322F0740213430B
S31500002210A3600279837943EA022323614279C37971
S3150000222043EA022363610078FFF77AFFEB0744BFB6
S31500002230054B236409F04BFB012038BD009000508C
S3150000224000400950004000503254FFFFF0B5114ADB
S31500002250114C124E00F00105E3695F0713D40DB966
S31500002260334213D103EA00078F4207D10B4A1A40C3
S31500002270002A14BF6FF001000020F0BD013AEBD137
S315000022806FF00200F9E74FF0FF30F6E76FF001005C
S31500002290F3E700BF8096980000000350020001009B
S315000022A04FF4003238B50F4B0F4C9A6641F6713336
S315000022B00122E569E3630D4B0021DA6002236061C8
S315000022C02120236105F48035FFF7C0FF10B92120D6
S315000022D0FFF7BCFF0122064BDA600DB10023E36372
S315000022E038BD00BF0090005000000350001003509E
S315000022F0002003502DE9F04301264FF440252F4CD2
S315000023002F4F4FF4003E7E6044F8205030250024C5
S3150000231041F67138DFF8B8C005FB00C5EC652C66E0
S315000023202C67284C06FA00F0C4F868E004F51C3463
S31500002330D4F81CE0C4F83C8004F58054DFF894809F
S31500002340E660DFF8949043B901211F4A1EF4803FEE
S31500002350D1602CD10020BDE8F08301F500546FF365
S315000023600C04641A9C4228BF1C46C9F81410D9F8FC
S315000023701C90A60819F0040F1CD1013E360146F048
S3150000238060566E66AA66C5F86C807862DCF83460C2
S315000023903042FBD04FF004090C4E21447063A6F581
S315000023A09036B8622244C6F810901B1BC9E7C9F8DC
S315000023B03C30CFE74FF0FF30CDE700BF0040045080
S315000023C000100450009000500020035000200450DC
S315000023D00000045018000350000003504FF48032F0
S315000023E0064B5A6603F5E6235B69C3F385128270D2
S315000023F003F03F021B0B42700370704700900050C1
S31500002400014B986CD96C70470080E00F024B18683E
S31500002410C0F30740704700BF0080E00F034BD3F8BE
S315000024202424D3F820041040704700BF00C0035096
S31500002430084B09495A6E4FF48033D2034B6601F5B7
S31500002440E621D1F8040658BF044A00F1805058BF6F
S3150000245053667047008000500090005000A0005066
S3150000246010B5FFF7E5FF00F1A043A3F58043B3F5F0
S31500002470606F17D802680C4B9A4213D10369053373
S31500002480B3F5007F0ED2002211469A4205D350F8CA
S315000024902300431A5842584110BD50F822400132D9
S315000024A06140F2E70020F7E7DEC0ECE54FF40052AA
S315000024B0034B00209A660322C3F86022704700BFD0
S315000024C0009000504FF40052034B00209A660322FE
S315000024D0C3F86022704700BF00A0005007B56B46E6
S315000024E0054A1068516803C36846FFF775FE002069
S315000024F003B05DF804FB00BFACC7000030B58BB07D
S315000025006C46174D0FCD0FC40FCD0FC495E80300D1
S3150000251084E80300134BD3F84C2112031CD5A3F512
S31500002520FE431C884FF6FF739C4208BF8C248DF82F
S315000025301940FFF7F1FC044484F308040A488DF8B7
S31500002540184008F0B0F96846FFF746FC3220FFF75E
S31500002550E9FC00200BB030BDD3F85041E4B2E6E709
S31500002560B4C700000080E00F00F049020028ACBFAD
S3150000257000F16040064B4FEA0111C9B2ABBF00F54E
S31500002580614000F00F0080F800131954704700BF37
S3150000259014ED00E000280CDB01220649430900F097
S315000025A01F008240203341F82320BFF34F8FBFF333
S315000025B06F8F704700E100E0002807DB0123410927
S315000025C0034A00F01F00834042F82130704700BFE5
S315000025D000E100E0002808DB01224309034900F07E
S315000025E01F008240603341F82320704700E100E07D
S315000025F070B5044609F085F9064630B90FCC044D8E
S315000026000FC594E8030085E80300304670BD00BF9F
S315000026106C13002047F6FF739A42F0B569D0022981
S3150000262069D8364B5B5C012B65D8354DDE0005EB72
S31500002630C30415F83330A178012B13D10025E078B7
S31500002640401AA84202D80844C0B2F0BD431B6668CF
S31500002650A0EB530336F913609642D4BF1D4603F12F
S31500002660FF30EEE760680028EFD0B0F90040A242E4
S3150000267004DCB0F902409442B8BF1446838835445E
S31500002680FF2B19BFC8232827B0F90630B0F9087008
S31500002690A3EB04030CBF0122002293FBF7F36E7831
S315000026A013441BB29E4201DD002B01DA731E1BB2DE
S315000026B04FF47A7C00EBC305EA88AD685F1C14FB17
S315000026C002521D4622EAE2723BB25C329E42B2FBE5
S315000026D0FCF204DD00EBC307BF88BA42EAD900EB7F
S315000026E0C5039888904228BF1046884238BF0846DE
S315000026F0AAE7FF20A9E70020A7E700BFDCC7000084
S315000027006C13002008B50448FFF772FFBDE80840C7
S31500002710012009F0F8B800BFB0C9000011B902499C
S3150000272009F0DEB821207047CA24002060B50546AE
S3150000273019B10139B1F5806F0FD2094EF06810F466
S315000027408030FBD143EA012312072B4302F080526B
S31500002750134343F00043736060BD0120FCE700BFF4
S315000027600020025C0122054B9A60DA68D203FCD491
S31500002770D86820F00F000004000C70470020025CAF
S315000027800322024B186019615A6370470000025C0D
S3150000279082B01FB507930A9B04AC8B4228BF0B4639
S315000027A004E907001048D100079948BF03330160C8
S315000027B0099948BF23F0030323F0704301F0E04179
S315000027C0194341F000518160002102F0E042019C72
S315000027D01A4342F00052C16004618261416304B051
S315000027E0BDE8104002B070470000025C3F22034B78
S315000027F01A631022DA6103229A6370470000025CB2
S31500002800024AD36B9B07FCD4704700BF0000025CF2
S31500002810044B986A00F02400003818BF012080009D
S31500002820704700BF0000025C08B5FFF7F1FF064BDA
S31500002830DB6B23F47F4323F0EF0303431EBF012228
S31500002840024BC3F8FC2F08BD0000025C00F0FF3FFE
S315000028504368182B0AD0202B1DD0102B2BD1174BD9
S31500002860D3F80434DB010AD401207047134BD3F8A4
S3150000287004349A01F8D50B6843F008030B6003682B
S315000028800F4A934210D10B6843F040030B600023BC
S31500002890436000207047094BD3F804345B01E3D54D
S315000028A00B6843F00403E9E7064A9342F1D10B684B
S315000028B043F08003EAE70720704700BF0000025C90
S315000028C052240020512400200B4607B50749D1F8B1
S315000028D00414C90708D5002100920246084600F0F4
S315000028E033F803B05DF804FB0120FAE70000025C50
S315000028F00B4607B50749D1F80414C90708D5009255
S3150000290001210246002000F01FF803B05DF804FB29
S315000029100120FAE70000025C1FB50A4CD4F8044413
S3150000292064070CD5CDE900120021069C0222CDE9F0
S3150000293002340346084600F031F804B010BD012009
S31500002940FBE700BF0000025CF0B51C465B6815465D
S315000029508DB01A07129E1AD1CBB17268934216D166
S315000029600C4B0D4A53F8217009AB07CA83E80700E0
S315000029701A462946CDE90533CDE90333CDE901638E
S31500002980009447F4807008F018FA0DB0F0BD0720E7
S31500002990FBE700BF10C80000E0C700002DE9F041CA
S315000029A08CB0DDE9127C7C681E46DDE9143E20070A
S315000029B028D13CB3DCF80400844223D1586810289F
S315000029C020D1DEF8040010281CD10F4809AC50F8BD
S315000029D021500E4951F822800D4A07CA84E80700A3
S315000029E045EA080022463146CDE9054ECDE90344C5
S315000029F0CDE901C4009740F0300008F0DEF90CB0D4
S31500002A00BDE8F0810720FAE710C80000ECC7000017
S31500002A10E0C700000138C0B206289ABF014B185C17
S31500002A2000207047F3C800000138C0B206289ABFDC
S31500002A30014B185C00207047ECC800002DE9F04FF0
S31500002A40BBB0804603A880E80E007C4B9DF8109131
S31500002A50D3F80024D40603D401203BB0BDE8F08FA0
S31500002A6008F1FF32059EDDE903A7062A6DD8DFE8E7
S31500002A7002F004191F252B313700D3F80C34D80780
S31500002A80EAD5012307930023B9F1010FCDE90833F5
S31500002A902CD0B9F1020F5AD04046FFF7C5FF632488
S31500002AA0054631E0D3F80C349907D5D50223E9E77A
S31500002AB0D3F80C345A07CFD50423E3E7D3F80C3404
S31500002AC01B07C9D50823DDE7D3F80C34DD06C3D5CB
S31500002AD01023D7E7D3F80C349C06BDD52023D1E7C5
S31500002AE0D3F80C345806B7D54023CBE7534BD3F86D
S31500002AF00C34D903B0D5079B404643F4C063079313
S31500002B00FFF788FF0324054613230422009307A931
S31500002B104FF0005312A808F00EF95146009446F003
S31500002B2000533A4608F007F94FF0000B04465E469C
S31500002B30DDF814A1469B9B452DD1B9F1030F43D176
S31500002B404046FFF771FF874238D0072085E73B4BA9
S31500002B50D3F80C24D2037FF57FAFD3F80C349B0354
S31500002B607FF57AAF97B17C423946374604F00304C5
S31500002B70079B404643F4E0630793FFF74BFF2402AD
S31500002B803E4605460F4644F0A304BDE704210DF179
S31500002B90200A0C46ECE7DAF8042016444AB103236F
S31500002BA000932046DAF80830DAF8001008F0C3F887
S31500002BB004460BF1010B0AF10C0ABBE7404608F08C
S31500002BC021FA01383042C0D17EBB0323324620466B
S31500002BD0009308A9334608F0AEF804260446103CD4
S31500002BE0204608F0BDF82046314608F0C4F8489B58
S31500002BF0AB4228BF2B461C46EBB10023224600936E
S31500002C004799499B0AA808F096F82A1B04D0002386
S31500002C101946009308F08FF8103808F0A1F812A8AA
S31500002C200AA908F07DF8002017E716F0030618BF7A
S31500002C30C6F10406D3E70AA8E7E700BF0000025C76
S31500002C4010B5234CFFF7BCF8FFF7C8F9236F012036
S31500002C5023F0070343F003032367FFF7E9F91D4B4E
S31500002C6000209B6A9B075EBF01221B4B9A62D4F829
S31500002C70203123F0030343F00203C4F82031D4F8D3
S31500002C80243123F0070343F00203C4F82431D4F8B7
S31500002C90403123F0030343F00203C4F84031D4F873
S31500002CA0603123F0030343F00203C4F86031D4F823
S31500002CB0403223F0030343F00203C4F84032D4F851
S31500002CC0003223F0070343F00203C4F8003210BDBC
S31500002CD00080005000C0005000E0005053B94AB9CF
S31500002CE0002908BF00281CBF4FF0FF314FF0FF300E
S31500002CF000F0B2B9ADF1080C6DE904CE00F006F8AB
S31500002D00DDF804E0DDE9022304B070472DE9F04F59
S31500002D108C46099E04460F46002B48D18A4215462A
S31500002D205ED9B2FA82F33BB1C3F120029F409D40C7
S31500002D309C4020FA02F217434FEA154E1FFA85FC13
S31500002D40220CB7FBFEF10EFB117701FB0CF042EAF9
S31500002D500742904207D9AA1801F1FF3702D29042E2
S31500002D6000F258813946121AA4B2B2FBFEF00EFBED
S31500002D70102200FB0CFC44EA0244A4450BD92C1992
S31500002D8000F1FF322CBF01270027A44502D9002FEE
S31500002D9000F04381104640EA0140A4EB0C040021F8
S31500002DA01EB1DC400023C6E90043BDE8F08F8B422C
S31500002DB006D90EB1C6E9000100210846BDE8F08F2C
S31500002DC0B3FA83F1002951D16345C0F016818242DE
S31500002DD040F213810846002EE7D0C6E90047E4E733
S31500002DE0002A00F0AF80B2FA82F3002B40F0C280D6
S31500002DF08A1A4FEA154EAFB20121200CB2FBFEFC37
S31500002E000EFB1C2240EA024207FB0CF090420ED950
S31500002E10AA180CF1FF382CBF4FF001094FF000093A
S31500002E20904203D9B9F1000F00F0F080C446121A9F
S31500002E30A4B2B2FBFEF00EFB102200FB07F744EA39
S31500002E400244A7420ED92C1900F1FF322CBF4FF0D5
S31500002E50010E4FF0000EA74203D9BEF1000F00F09D
S31500002E60D2801046E41B40EA0C4099E7C1F12005E8
S31500002E708B400CFA01F400FA01F922FA05F72CFA54
S31500002E8005FC8A401F4320FA05F3380C23431FFA3A
S31500002E9087FE1C0CBCFBF0F800FB18CC44EA0C4483
S31500002EA008FB0EFCA4450ED93C1908F1FF3A2CBFCD
S31500002EB04FF0010B4FF0000BA44503D9BBF1000FF7
S31500002EC000F0B880D046A4EB0C041FFA83FCB4FBD8
S31500002ED0F0F300FB134403FB0EFE4CEA0444A64544
S31500002EE00ED93C1903F1FF302CBF4FF0010C4FF007
S31500002EF0000CA64503D9BCF1000F00F09F800346E5
S31500002F0043EA0840A4EB0E04A0FB02EC64457346BA
S31500002F10E04602D307D1F14505D2BEEB02036CEBC6
S31500002F20070C0138E0465EB1B9EB030264EB080416
S31500002F3004FA05F522FA01F3CC401D43C6E9005414
S31500002F40002132E742082F464B08AC4642EAC172DE
S31500002F50AE46C407110C92B241EA034142EA01426D
S31500002F60B1FBF5F1B3FBF5F01F23A2EB0C0241EA2E
S31500002F70004142E79D40C3F1200299409C402CFA53
S31500002F8002FC4FEA154E20FA02F2AFB2BCFBFEF885
S31500002F900A430EFB18CC110C41EA0C4108FB07FC56
S31500002FA08C4550D9691808F1FF302CBF4FF0010944
S31500002FB04FF000098C4502D9B9F1000F30D0A1EBD2
S31500002FC00C01B1FBFEF808FB07FC0EFB181192B2D0
S31500002FD042EA0142624534D2AA1808F1FF312CBFF9
S31500002FE04FF001094FF000096245BED2B9F1000F5A
S31500002FF0BBD1A8F102012A44B7E7841A6CEB03029D
S3150000300001201746E7E62C4402382BE7ACF1020C08
S315000030102A440CE702392A44A5E62C440238BAE6CB
S31500003020A5EB0C0CA8F102006144B1FBFEF808FB0D
S3150000303007FCCAE7A8F102083C4444E7023B3C44CB
S315000030405EE7414691E7A1EB0C014046B1FBFEF875
S3150000305008FB07FCB9E700BF704700BF08B5064B81
S31500003060044613B10021AFF30080044B1B6803B183
S315000030709847204607F006FC000000008413002055
S3150000308070B50D4B00260D4D5B1B9C10A64209D159
S315000030900B4D09F055FA0B4B00265B1B9C10A64204
S315000030A005D170BD55F8043B01369847EEE755F853
S315000030B0043B01369847F2E7E0240020E024002094
S315000030C0E0240020E4240020014808F0B2B800BF44
S315000030D088130020014808F081B800BF881300203B
S315000030E0014800F053B800BF881300200A46014685
S315000030F0014800F07BB800BF88130020014800F0AB
S31500003100B5B800BF881300201FB50A79064B029296
S315000031100A6808310192022200920CCB08F066F987
S3150000312005B05DF804FB00BF04C9000030B50B799B
S3150000313085B00333029301F14403019302230C4645
S315000031400546114A009314310CCA08F04FF9238A38
S3150000315004F12C010293E36828460193237A009335
S3150000316094E80C0008F042F90546237AA4F84500D5
S315000031702279216884F8443004F1470007F0ECFF17
S31500003180284605B030BD00BFFCC8000038B505466E
S31500003190124B134C94E8030083E8030019462846B3
S315000031A0FFF7B2FFD4E9020110220E4B83E80300B9
S315000031B0194628461A72FFF7B9FFD4E9040102221C
S315000031C0094B18341A7283E80300DC601946284656
S315000031D01A82BDE8384008F00AB800BF8C140020F7
S315000031E010C900003414002008140020F8B5044665
S315000031F00D4B0E4D0F46D5E9070183E8030019462E
S3150000320020461646FFF780FFD5E909010222084B42
S315000032101A7283E80300DF60194620461E82BDE865
S31500003220F840FFF783BF00BFE813002010C9000075
S315000032309013002010B50C4630B907F0F5F8034B93
S31500003240186023600423A380002010BDDC16002034
S3150000325010B50C4630B907F0E5F8034B186023604B
S315000032600423A380002010BDE01600202DE9F743BB
S3150000327006464FF00809404C404B414F94E8030086
S3150000328083E8030019463046FFF73EFFD4E9020102
S3150000329087E8030068463B4987F8089007F0A2FFD5
S315000032A0DDE9000107F10C0383E8030039463046E7
S315000032B0FFF73CFFD4E904010C234FF00208324F1C
S315000032C087E80300684631493B7207F08BFFDDE96A
S315000032D0000107F10C0383E8030039463046FFF787
S315000032E025FFD4E906012A4B2A4A83E8030019463A
S315000032F0304683F80880DA60A3F81090FFF716FFCF
S31500003300D4E90801244B254A254FDA60012283E8D7
S315000033100300194630461A8283F80880FFF706FF35
S31500003320D4E90A0187E8030068461E4987F8088041
S3150000333007F058FFDDE9000107F10C0383E80300FD
S315000033403946194F3046FFF7F1FED4E90C0187E8FC
S3150000335003006846154987F8088007F043FFDDE952
S31500003360000107F10C0383E803003946304603B039
S31500003370BDE8F043FFF7DABE4CC90000BC160020DA
S315000033806416002073B200000C1600205BB2000029
S31500003390B415002043C900005C15002042C9000096
S315000033A00415002051320000AC1400203532000014
S315000033B07FB500230130CDE9043380B2054BCDE95A
S315000033C00101694604200093039208F030F807B023
S315000033D05DF804FB532400201B22014B1A80704722
S315000033E02C240020064B10B401241A7100221C70F4
S315000033F058705980042011465DF8044BFFF7D8BF7A
S31500003400532400200322044B1A700022A3F8010063
S3150000341011460220FFF7CCBF5324002082B00DF1E5
S31500003420080C0CE90C00064B0522587003201A7094
S3150000343059809DF80420009902B0FFF7B9BF00BF7C
S31500003440532400200722054B1A700022A3F801001E
S31500003450A3F8031004201146FFF7AABF5324002047
S315000034600A460B21024B197001460020FFF7A0BF48
S31500003470532400201322034B1A70002211461046D3
S31500003480FFF796BF5324002010B40924044B1C7088
S31500003490941C5C7058805DF8044B0320FFF788BFCE
S315000034A05324002030B40C46112511461A46054B0C
S315000034B01D70151D5D7058809C80052030BCFFF77F
S315000034C077BF00BF5324002038B50023074D0139CC
S315000034D089B204466B8000F03BF8024628B1698841
S315000034E02078BDE83840FFF77DBF38BD2C2400208A
S315000034F0014610B500B3114A106883888B421BD36E
S31500003500938800248B4281BF0123006893809060DA
S31500003510906820B974B94FF6FF73938004E099421E
S3150000352003D10CB19060918010BD01330124006875
S315000035309BB2EEE79060EEE70020F5E7E416002088
S315000035404FF6FF72014B18609A807047E416002010
S315000035502DE9F04704780646122C0D4688B017D898
S31500003560012C18D9A31E102B15D8DFE813F016006E
S3150000357014002700140047001400D3001400800034
S31500003580140014001400140014000B011400A5000C
S31500003590522C00F0AE8006242CE0022940F048812F
S315000035A0B0F80140B4F5007F28BF4FF40074204600
S315000035B0FFF728FF9F4B1C8000241BE0042919D12C
S315000035C0B0F8017006ADBEB22946304607F08DFE52
S315000035D0044618B1974B5F800A240BE09DF81C3017
S315000035E03146022B18BF022095E80C0008BF0120C7
S315000035F0FFF714FF204608B0BDE8F08702248D1FB0
S3150000360000F10508C31DADB2019500938DF8144075
S31500003610CDF81080B0F803104246059BB0F80100C3
S3150000362007F070FE4FF6FF77B842054606D1B2782E
S31500003630737843EA02237F4A5380CDE70023CDE91E
S3150000364000338DF81C40CDF81880441C08AB394671
S3150000365013E90C00A0B207F055FE0146B8421CBFA4
S3150000366000F1FF3189B22846FFF7ECFEA4E70229F4
S3150000367040F0DE80B0F8010007F095FE0446B6F88B
S3150000368001306C4D98B20CB16B80B3E72B882146A4
S31500003690013BADF8103006AA04AB07F096FE0446CF
S315000036A020B17378B27843EA0223EDE7BDF8101033
S315000036B00698FFF7D5FE9DE70821B0F8010007F050
S315000036C072FE0446B6F8013098B214B1594A5380D6
S315000036D090E7AB1E21469BB2F21C07F04BFE044658
S315000036E020B17378B27843EA0223EFE7FFF7C2FE10
S315000036F062E70421B0F8010007F055FE01460028F4
S315000037007FF45AAFAB1EB6F801009BB2F21C07F06D
S3150000371031FE51E70D1FADB2022D02D0102D40F043
S3150000372087800024CDE90044731D06938DF81C5054
S3150000373008AB13E90C00B6F80310B6F8010007F061
S31500003740E1FD4FF6FF73984207463A4D05D173786F
S31500003750B27843EA02236B803EE72B882146043B7E
S31500003760ADF80E3004AA0DF10E0307F02EFE044646
S3150000377008B16F803EE73846BDF80E200499FFF782
S3150000378083FE37E70D1FADB2022D01D0102D4FD1AC
S315000037900024CDE9004406F1050AEDB28DF8145077
S315000037A0CDF810A05246059BB6F80310B6F80100F6
S315000037B007F0A8FD4FF6FF7948450746DFF8748005
S315000037C006D17378B27843EA0223A8F8023003E7F9
S315000037D0CDE900448DF81C5006ACCDF818A0013098
S315000037E094E80C00494680B207F08CFD0546B8F80F
S315000037F000304845A3F1060318BF00F1FF35224605
S31500003800ADF80E304FF0000138460DF10E0318BF2B
S31500003810ADB207F0DAFD044610B1A8F80270E9E689
S3150000382029463846BDF80E30069AFFF73BFEE1E61C
S315000038300424DFE62C2400200022014B1A60704786
S31500003840F016002003291FB503460A461CD9018835
S31500003850081D824218D304D85888042805D00628A3
S3150000386007D0012005B05DF804FB181DFFF72CFEFC
S31500003870F7E70023CDE90233044B694600930223A0
S31500003880019307F0D4FDECE70020EBE7D8240020F5
S31500003890002213B511460DF1070000F05FF89DF800
S315000038A007300C4C0BB10023236021680A4BC1F58D
S315000038B0017292B219440DF1070000F04FF8236827
S315000038C0C11805482160FFF7BDFF08B1002323603A
S315000038D002B010BDF0160020F416002010B5044604
S315000038E04FF4807300210E4A0E4807F02CFE4FF469
S315000038F0807300210C4A0D4807F025FE2046FCF790
S315000039001FFC07F0E8FD00F01FFC07F0CFFC830763
S3150000391005D500F0E3FABDE8104000F07FB910BD10
S31500003920281A00201019002028190020F818002055
S3150000393008B513460A460146024807F0C2FEC0B261
S3150000394008BD00BF1019002008B5034807F004FEA3
S31500003950003818BF012008BD10190020F8B50E4622
S315000039601746044608F0BFFD214605463B4632464B
S31500003970044807F0A6FE0446284608F0AFFD204698
S31500003980F8BD00BFF818002008B5034807F0E4FDAD
S31500003990003818BF012008BDF8180020F8B50E46FB
S315000039A01746044608F09FFD214605463B4632462B
S315000039B0044807F051FE0446284608F08FFD2046CD
S315000039C0F8BD00BF1019002010B50C46014604488A
S315000039D007F0A1FEA04234BF0020012010BD00BFA9
S315000039E0F8180020F8B50F46114606461546FFF7AB
S315000039F0EBFF044628B12B463A463146024807F00B
S31500003A002BFE2046F8BD00BFF818002010B5034C69
S31500003A10A07900F0DDFC0023236010BD281B0020E8
S31500003A2008B5044800F06AFC0023024A42F8063C46
S31500003A3008BD00BF2E1B002010B5074CB4F80710B8
S31500003A40A07900F08DFCB4F80D10B4F8090000F070
S31500003A509BFC0023236010BD281B0020014B99808E
S31500003A6018607047281B00200022014B1A6070471F
S31500003A70281B0020034A13681BB19288824200D19A
S31500003A8018477047281B0020014B187018467047CE
S31500003A905A240020162808BF1320022110B5084C0E
S31500003AA060702046217000F087FC00F09DFD054BFC
S31500003AB0054A05301A60627898809A7110BD00BF79
S31500003AC05A240020281B00200D3A0000037810B568
S31500003AD00C2B04460AD80C2B0AD8DFE803F03D2944
S31500003AE05409090909095D0909091500142B65D04E
S31500003AF0204600F099F8002844D1072223783C4854
S31500003B000221027043700FE00C234FF0FF32384958
S31500003B100B708A70012302224B70CA700B710A4621
S31500003B20002310464B710621BDE8104000F044BC4E
S31500003B30C17983792F4A43EA0123938013462E499C
S31500003B4043F8061BD0F80110C2F80610B0F805209D
S31500003B509A80C2799A7115E0C27A837A254943EA36
S31500003B6002238B800B46254A43F8062BD0F801200A
S31500003B70C1F80620D0F805205A60B0F809201A814D
S31500003B80C27A9A7210BD00F02FFD1A4B1C4A0530FE
S31500003B901A6098806278DDE700F06AF90346D4F887
S31500003BA0012009210240124862F307030246C0F8C9
S31500003BB00130002302F8011B5360B5E7B0F803108B
S31500003BC0B0F8010000F0EEFB1523094C00216FF060
S31500003BD004006FF02702237007236070A1706071E4
S31500003BE0A17120460921E2702371E27123729BE7DD
S31500003BF05A240020281B0020213A0000393A0000F0
S31500003C000D3A000008B5044B987900F0C5FBBDE8F5
S31500003C100840FFF729BF00BF281B00200122014BE7
S31500003C201A70704766240020144B70B51E7805463E
S31500003C302EB10378162B04D0182B13D0002630464D
S31500003C4070BD8378447817201C4004F00304022CCE
S31500003C5018BF0124FFF718FF02214470847007F093
S31500003C6037FCECE7B0F803100548FFF7F7FED5F888
S31500003C700120044BC3F80620E1E700BF66240020BC
S31500003C80053C0000281B002013B50D4B01281B889E
S31500003C900C4CADF80030ADF8043002BF02238DF8AD
S31500003CA0003004236946206808BF8DF8043007F009
S31500003CB0B5FD206801A907F0C7FD02B010BD00BF21
S31500003CC0ACC90000701B002030B5224C87B02569B6
S31500003CD02DB322F480410839194322D1032101AAC8
S31500003CE0206807F02AFE636860615B7A022023760B
S31500003CF09DF8043004F11801DA1F53425341627EE5
S31500003D0063F30002039B6276E361BDF806306383CA
S31500003D102369984701220021206807F014FE07B0A6
S31500003D2030BD02F17F41194306D1002101202B4607
S31500003D3007B0BDE830401847A2F5805119434FF04F
S31500003D40000103D0A2F580421A4301D10320EEE719
S31500003D50FF20ECE7701B002007B500220B460092FF
S31500003D600A4601460348006807F0D1FD03B05DF836
S31500003D7004FB00BF701B0020F0B50446144E154A24
S31500003D807368807A5B7A85B0D75C0D46FFF77CFF57
S31500003D90237A3068022B0CD1002339461A4607F0E5
S31500003DA0E1FC90B10021FF202B4605B0BDE8F040B4
S31500003DB0184700222168039202918DF80C3039468B
S31500003DC0009202AB07F0D0FCEBE7356105B0F0BD21
S31500003DD0701B002084C900002DE9FF4104461B4DDD
S31500003DE01B4A6B68807A5B7A0E46D75CFFF74CFFFE
S31500003DF0237A4FF00108022B08BF01238DF8043007
S31500003E00636818BF226803F1640308BF00220293A7
S31500003E10637A0024394600928DF80C306A462346B0
S31500003E2028688DF80D808DF80E4007F09FFC074638
S31500003E3042462146286807F086FD2FB12146FF201D
S31500003E40B04704B0BDE8F0812E61FAE7701B002090
S31500003E5084C900000022034B03211A61186801225D
S31500003E6007F07BBC701B002000487047781B0020C1
S31500003E70014B188C704700BF701B002010B5094C11
S31500003E8086B06A466169206807F059FD638B69460A
S31500003E9003332068ADF8043007F053FD009806B0F0
S31500003EA010BD00BF701B00201FB50022CDF80A20F0
S31500003EB0ADF80E204268084B0092026858600192E5
S31500003EC0427A69461868ADF8082007F07BFD00F0D5
S31500003ED00DF805B05DF804FB701B0020024A138C38
S31500003EE043F4807313847047701B002038B50D4C63
S31500003EF0238CDB050CD563680B4D1B7A2A789A4216
S31500003F0006D0012B05D0022B07D063681B7A2B70D5
S31500003F1038BD206800F018FEF7E7206800F01CFEA8
S31500003F20F3E700BF701B00206724002010B50024B3
S31500003F30064B1C60064B1C7007F0F1FAB0FA80F3D2
S31500003F40044A5B091370044B1C7010BD941B0020BF
S31500003F506A240020692400206824002010B5074B3D
S31500003F601C782CB9064B1B7833B107F0E0FA0446EF
S31500003F7000F066F8204610BD8124F9E76A24002087
S31500003F806924002038B50A460F4903460978C1B1AD
S31500003F900E49087850B90E4C24783CB90D4C20686F
S31500003FA01518B5F5806F02D98220087038BD1946FC
S31500003FB0094B184407F0D0F82560BDE8384000F0FA
S31500003FC00DB88120F2E700BF692400206A24002092
S31500003FD068240020941B0020981B002038B5134B42
S31500003FE0134D1A782968022A0ED0032901D8002019
S31500003FF038BD104A1068104A904203D084200F4BF7
S315000040001870F5E702221A700A48FCF709FA044606
S315000040102A680749074807F05FFA002CE7D041F203
S3150000402007039C42E3D08520E9E700BF692400200E
S31500004030941B0020981B0020EB17A6036A2400207F
S315000040400022014B1A707047692400201FB5124CDC
S31500004050637A20460133DBB2282B28BF25236372FF
S31500004060FFF722FF0023CDE90233E368627C019368
S315000040700123617DD207094801F102018DF80C3058
S3150000408048BF8DF80E30FFF767FE054901A8FFF718
S3150000409073FE04B010BD00BF981F0020AC1F0020A7
S315000040A0A5400000022810B51BD002D8012805D073
S315000040B0FEE7032843D0FF2841D0F9E7214C637C73
S315000040C0990707D5FFF7C6FEFFF7C0FF637C23F00D
S315000040D002036374637CDA0730D4BDE81040FFF74F
S315000040E0B5BF4B78DB072AD54C68217801F00F0362
S315000040F0032B11D0052B22D1C90904F1080007F0C2
S3150000410015FBD8B1FFF7A6FEFFF7B8FE014620461D
S31500004110BDE8104000F06EBAC90904F1080007F0C6
S3150000412005FB58B1074C94F83D1004F13C000231F0
S31500004130FFF712FE637C43F00203637410BDFFF7C2
S3150000414089FECAE7981F00205A22002108B50948AF
S3150000415006F0FAFF42F210720649C1F80220064A3A
S3150000416041F80A2C054A41F8062C42F2015221F880
S31500004170022C08BDA21F0020D6BE898E55555500BB
S3150000418038B50446FFF766FE002C3FD0204C257C50
S31500004190627CB5FA85F35B0963F300026274FFF78C
S315000041A063FE837905F00F05C3F3000345EA831523
S315000041B0237D23F04F031D43637D25750BB906232D
S315000041C063750368C4F816308288124B9A80FFF72D
S315000041D04BFE837994F83C20C3F300039B0143F024
S315000041E0040322F04F02134384F83C3094F83D3028
S315000041F013B9062384F83D300368C4F83E3082883C
S31500004200054B9A80BDE83840FFF720BF38BD00BF98
S31500004210981F0020AE1F0020D61F002020290A4626
S3150000422008B509D8054B06315975014603F11C003E
S3150000423006F092FF002008BD1220FCE7981F002020
S3150000424020290A4608B50AD8064B063183F83D10E0
S31500004250014603F1440006F07FFF002008BD12204E
S31500004260FCE700BF981F00200A20D0B50B4CE38C5A
S31500004270584305F017FE0646A08C0F4605F012FEC1
S315000042800022074B05F078FE02460B4630463946BB
S3150000429005F09CFF06F082F82083D0BDFC200020AC
S315000042A00000F43F1FB5134CA37E5A061FD423F01B
S315000042B0070343F001032089A376FFF7DBFBA37A0C
S315000042C004F10C00234493F82A306375FFF7ECFDE4
S315000042D0D4E90032A3EB520103EB520302934FF4ED
S315000042E08033019101A804490393FFF775FD04B0DB
S315000042F010BD00BFFC2000203D44000000221346F4
S3150000430030B58BB0D910415C03F007042141CC07CE
S3150000431042BF02F12801694401F8283C03F1010378
S3150000432048BF0132252BEDD100230C4CD910415C3E
S3150000433003F007052941C9075FBFB3FBF2F102FB92
S315000043401131283169444CBFD9B211F8281C013308
S31500004350252B04F8011FE9D10BB030BD2521002023
S3150000436010B540F2E244074A6043136800F58070D6
S3150000437004FB013303EB500313605368034453609B
S3150000438010BD00BFFC200020024B9884D984FFF7A3
S315000043906BBF00BFFC200020014B1875704700BFA3
S315000043A0FC200020C908814228BF0146014B19851F
S315000043B0704700BFFC200020044B5A6D22B9586597
S315000043C0A3F858100120704700207047FC200020F9
S315000043D0034A937E43F04003937607F077B800BF15
S315000043E0FC20002010B5144CA37E5B0623D4FFF7F7
S315000043F031FD40F2E241A28C236801FB023394F8BE
S315000044004F102360A37A0B442521B3FBF1F001FB87
S3150000441010330A21A372238901332381636801FBC8
S3150000442002336360238B5A1E228323B9BDE81040F2
S315000044300820FFF7CDBF10BDFC2000200228F7B5ED
S315000044400E460BD003D8012800F0BC80FEE70328F7
S3150000445000F0BE80FF2800F0BB80F7E74D78604C87
S3150000446015F0010538D04F68A27E3B78C3F30013E0
S3150000447063F382023B78A276C3F3C001C2F3001253
S31500004480914278D103F00303022B72D0032B07D09D
S31500004490012B70D10020797819B1FFF795FA0546FE
S315000044A02946A27E3878C2F3C003C0F38000984242
S315000044B008D083F00103DB0043F0200322F028023A
S315000044C01343A3763DB1A37EC3F3001282F001022B
S315000044D062F30413A3760D46A37E424F13F0200F1A
S315000044E011D0616D23F02003A376002946D03B78D6
S315000044F094F8582043F00303B81C3B707A7006F01A
S315000045002BFE00236365FFF71FFAA37E797860F31D
S315000045104103C3F3C002A376C3F300139B0043EA2F
S31500004520C2033A7843EA001322F01C0203F01C038C
S3150000453002311343C9B22B483B70FFF70DFCA37E33
S315000045407668D90709D523F00103A37600236360B3
S31500004550FFF794FC2060FFF787FE45B1337803F040
S315000045600303022B26D0032B1CD0012B21D003B032
S31500004570F0BD28468FE700210D4692E794F82820E3
S31500004580B91C0DF10700FFF7D3F948B19DF80730C4
S315000045900133DBB23A78787063F301023A70B2E71E
S315000045A00123F7E77178B01C03B0BDE8F040FFF7D0
S315000045B08DBA002528467278B11C03B0BDE8F040DC
S315000045C0FFF710BA064B9B7E9A07D0D45B07CED472
S315000045D0FFF708FF03B0BDE8F040FFF763BE00BF7A
S315000045E0FC200020FC1F0020014B1889704700BFEB
S315000045F0FC200020F8B5224D04460E465C22002120
S31500004600284606F0A1FD2023AB7605232B83627E88
S31500004610237E012743EA0223AB84627F237F04F1D2
S315000046201E0043EA0223EB8494F82330C3F3040309
S3150000463085F84F3094F82330C3F3421385F8503091
S315000046401B232B85FFF75AFED4F80E30E27CEB6075
S31500004650A37C2E6043EA0223227D2F7543EA0243A0
S315000046602B6195F84F30607DAB72E18A3944FFF7D4
S3150000467077FEFFF717FE204606F026FF3846F8BD00
S31500004680FC2000202DE9F843DFF860900646D9F8B3
S31500004690008008461746B8F1000F03D00E242046C6
S315000046A0BDE8F88306B3336801331DD1E1B100F0EC
S315000046B027F805460028F1D0C9F8000000F086F872
S315000046C0284607F064F8044640B14046C9F8008021
S315000046D000F07CF8284607F055F8E0E73560002F33
S315000046E0DDD02846B847DAE72124D8E7582100204C
S315000046F0024B1868003818BF012070475821002067
S31500004700F8B5044607F0EFFE002607460E4B1B6879
S3150000471093B19E68AEB196F82420D20711D43546DF
S315000047200FCC0FC50FCC0FC523682B6096F824302D
S3150000473043F0010386F82430384607F0CFFE3046B2
S31500004740F8BD1B68E4E700BF94240020431E033332
S3150000475006D8044B984228BF1846642838BF642000
S31500004760704700BF40420F0038B505460C4641B1C0
S315000047700B6833B11B68013303D0CB680BB18B6870
S3150000478043B902F08FF800209122412100F0C6F9CA
S31500004790212038BD084602F0F5F80023094A85F8BD
S315000047A03C31C5E93A4313605360636943B1064A35
S315000047B042211068B322C31A5842584100F0AEF99C
S315000047C00020E6E788240020A023002010B5044638
S315000047D018B9054B054A136010BD00F005FAD4F868
S315000047E0F430002BF6D1F4E751B8000098240020ED
S315000047F008B502460868FFF7A9FF08604868FFF792
S31500004800A5FF48608868FFF7A1FF8860C868FFF7C2
S315000048109DFF0B69C860581C03D00B48834228BF14
S3150000482003460B614B69581C03D00748834228BFD7
S31500004830034688694B61FFF789FFBDE80840886138
S31500004840104600F013BE00BF40420F00D0F8EC3017
S315000048502DE9F04105460C4613B1838D8B424ED0AF
S31500004860D5F8E830002B4DD09E68002E4AD0D86887
S31500004870002847D0013800B200281DDB002107E0E0
S31500004880128A0CF10101A24219D209B2884213DB45
S315000048900B1803EBD3735B1003EBC30206EB820228
S315000048A0B2F80EE01FFA83FCA6450CF1FF3EE7D9ED
S315000048B00FFA8EF08842EBDA2120BDE8F0814FF640
S315000048C0FF729445F8D09BB203EBC30306EB830655
S315000048D02846B6F9122095F83011D5F8FC80FDF778
S315000048E099FE0746B8F1000F04D000233246284649
S315000048F01946C047AC85C5F8EC6085F839710020CB
S31500004900BDE8F0810E20BDE8F08100BF2DE9F0473B
S3150000491082B004460E46904600F026FE00286FD16F
S31500004920504D2F68D4F8E8A0D4F8EC9017B157454D
S3150000493079D00027AE6001F045FA0128064604D07A
S3150000494001210022084606F051FF2B68DAF8001014
S31500004950D9F8002013B1186888426ED0204607F0B7
S315000049605DFAB7B1B8F1000F13D1204601F02AF86D
S315000049700546D4F89430002B3BD1012E05D025B145
S31500004980394B002103205B689847284602B0BDE8F2
S31500004990F087364BC5F800A01A78C5F804908DF854
S315000049A007808ABBD4F8FC50002D4DD01146204616
S315000049B00DF10703A847204601F004F8054617B194
S315000049C0B8F1000FD5D0B5FA85F040F20542332193
S315000049D0400900F0A3F84146204601F011F9244BA6
S315000049E049461B68054620469847D4F89430002B64
S315000049F0C3D000224FF40073204600F005F9BCE74F
S31500004A000023184D6B608CE7D4F8EC30B4F94410F1
S31500004A1023B1B3F912309942A8BF1946424620463F
S31500004A2000F046FFC7E76F68002F83D04F4580D15F
S31500004A30AB68B34214D001277CE7696811B10968F5
S31500004A4091428ED0596889E794F8281094F8393144
S31500004A504246994228BF1946204600F0F7FEAAE7CB
S31500004A60002592E788240020A0240020DFC700004C
S31500004A7098240020F8B505460E4607F034FD314669
S31500004A8007462846FFF7E2FE044620B1384607F0FF
S31500004A9025FD2046F8BD01F06DF92246314628462F
S31500004AA0FFF734FF0446384607F018FD2046F8BDE8
S31500004AB070B50D46044607F032F901F041FF094B87
S31500004AC01B784BB9D4F8FC6036B129462046B4466B
S31500004AD0BDE870401A46604729462046BDE870404A
S31500004AE007F022B9DFC70000024B1860024B1960BD
S31500004AF0FEE700BF5C2300209C24002038B5044D4F
S31500004B00044C054B286021601A60FFF7EDFF38BDA5
S31500004B105C2300209C2400206023002010B550B99F
S31500004B200548064B0160064802601868054B186088
S31500004B301868FFF7E3FF10BD9C24002058210020D1
S31500004B40602300205C230020024B0022196807F036
S31500004B507EB900BF6CFA0000024B0122196807F00B
S31500004B6076B900BF7C230020024BD868C0F30360EF
S31500004B70704700BF000002B8F8B504460F46164657
S31500004B8007F0B1FC0546A047044620B1284607F0C9
S31500004B90A5FC2046F8BD04F039FE04220549D1F8EB
S31500004BA0EC3E23EA07033343C1F8EC3E024B1A649A
S31500004BB0ECE700BF003000B0002002B800F0180398
S31500004BC0182B0AD003070AD410F0100F40F2011375
S31500004BD008BF0023034A936770470023FAE70123BF
S31500004BE0F8E700BF003F00B038B10368044A002B65
S31500004BF008BF1346034A13607047014BFAE700BF2C
S31500004C00E5B90000AC24002010B4D0E9524122409E
S31500004C100B4052EA030104D003495DF8044B0968CE
S31500004C2008475DF8044B7047AC2400200F2938B5BF
S31500004C3005460C460ED801F0C5F801280CD1074AE6
S31500004C402846536E23F00F032343536607F0F5F807
S31500004C50002038BD2120FCE70220FAE7003F00B023
S31500004C6008B50E4B1A6C12F0A00F13D15B6C5B07E4
S31500004C7012D40B4BD3F8EC3E23F07F4323F0FF0313
S31500004C8053B1FFF771FF6FF4905343FA00F000F051
S31500004C90010008BD0020FCE70120FAE7000002B889
S31500004CA0003000B070B50D46064620B91A4B1B6899
S31500004CB0EBB10E201AE001F085F8012827D1174B39
S31500004CC0D6F8F00093F9004007F02CF80022C4F162
S31500004CD02704241A641BC4F11C03002BB8BF5B42D3
S31500004CE0232B16DC3AB10D4B1D70002070BD01223E
S31500004CF0C1F12704EFE786F8265007F0F4FB0546D6
S31500004D0060B200F0FFFC284607F0E8FBEDE7022062
S31500004D10ECE72120EAE700BF582100206B240020A1
S31500004D2008B506F060FE8022024B5867024B1A61F6
S31500004D3008BD00BF003F00B0000002B890F8253063
S31500004D40023B022B05D84B7C2BB1012B05D0022B45
S31500004D5005D006F0C0BE03487047034870470348B5
S31500004D60704700BF20A1070048E8010040420F003D
S31500004D700A78022A11D0101F4242424152004B7853
S31500004D801201022B0BD0191F4B424B415B00054908
S31500004D90054842EA8312FFF7EFBE0122EFE701233F
S31500004DA0F5E700BFF0FFFF000D5E00000B78022B59
S31500004DB010D0181F434243415B004A78022A0BD0A9
S31500004DC0111F4A424A4152000F21044843EA820217
S31500004DD0FFF7D2BE0123F0E70122F5E7395E0000B6
S31500004DE0D0F8B03010B5994204460ED0C0F8B010D5
S31500004DF001F07EFE0649A4F834010123054AD1F8E4
S31500004E00FC1004F5827003F0EFF9002010BD00BF1E
S31500004E10004F00B0A43F00B02DE9F74F04468B4683
S31500004E2015461E46FFF71CFF28B3A38A1BB3204670
S31500004E3006F095FD78B91EB10E2003B0BDE8F08FDF
S31500004E406B4BD3F8EC3E03F03002102AF4D003F09B
S31500004E50C003402BF0D0674F03F01EF97B69DE07D5
S31500004E60EAD507F040FB0646032002F0F1F920B12F
S31500004E70304607F033FB0220DFE77A6912F0060AB4
S31500004E80F6D1304607F02AFB594B4FF40061204615
S31500004E90D3F8EC9ED3F8CC8E04F014FE48B14FF450
S31500004EA000760121544F524608463E6406F09EFCA9
S31500004EB03E6459462046FFF7DDFD4D4BC3F8EC9E98
S31500004EC0C3F8CC8E0028B8D194F82430980601D4C3
S31500004ED0002D4DD0C5F3400003F08AFC022315F4E3
S31500004EE0807F1FBF454A002113644FF03A420BBF33
S31500004EF0414A91611364536304F088FC4FF4806364
S31500004F0015F0040F14BF3E4A3E4A3B4E536204233B
S31500004F1028463364FFF752FE204606F004FE38B1F9
S31500004F204FF4807315F0010F16BF344A33641364CF
S31500004F30A90647D54FF6FF72E38F93420FD0324A48
S31500004F403249526E100CC2F301120132B3FBF2F376
S31500004F5008802B4A2B492E481B0448665366003DA1
S31500004F6018BF012594F8243065F3451384F82430DE
S31500004F70204606F05FFFF0B1204606F0D4FDD0B122
S31500004F804FF40031204604F09DFD431C03229BB2E2
S31500004F9001A9204806F0D6FF9DF804209DF80530AB
S31500004FA002F00701052916D112070ED443F48073C7
S31500004FB0194AC2F8D43040F2366003B0BDE8F04F6B
S31500004FC001F0BEBC00F0B6FEC9E713F0040F09D12C
S31500004FD09DF80630EAE703F03002202A05D113F0E7
S31500004FE0010FF4E74FF48073E2E79DF80630DFE740
S31500004FF0003000B000C001B8002002B8001002B8AE
S31500005000005001B8006001B8004001B8D02400206B
S315000050100000FFFF0C0000BA003E00B02DE9F74F7C
S315000050200B460746154619B9212003B0BDE8F08F97
S31500005030002AF9D0032905D8002201F081FB034696
S315000050400028F1D01C889A78B4F5804F02F0070149
S3150000505080F0E980A1F1070C187993F805A0DE88A5
S31500005060DCF1000343EB0C0305292B7394BF0023EB
S31500005070C2F30013C2F3801C6B73930985F810C04A
S3150000508003F00203C2F3C00C43EA0C03C2F340125E
S31500005090E8746B74AA74D7F89C30AE82D80600F117
S315000050A0AD800639012900F2A9800020B7F81280E8
S315000050B0D7F81C9008F1FF385C4B0A3C04EA080458
S315000050C05B6D19F804300134802B1CBF323BDBB218
S315000050D004EA0804AB73E31D03EA08035A1CA8603C
S315000050E002EA080219F8036019F8022097F8253039
S315000050F046EA0226FF2B36B24AD1631D03EA0803AD
S3150000510019F803B0013303EA080319F803303846E7
S31500005110019306F0CAFC88B1019B4BEA032B42F2CD
S3150000512010732BF0010B4FEA0B4B4FEA1B4B03FBA3
S315000051300BFB6423B0FBF3F3BBFBF3F0F204A860B4
S3150000514055D5D7F8F03013B11B68022B05D841F2BC
S315000051507C324C210020FFF7E1FCD7F8F030C6F393
S315000051600B0093F82430C0000BB1B0FBF3F082457E
S3150000517042D838B1CAEB0A2ABAFBF0FA6FEA0A0A31
S315000051805FFA8AF0D7F8F83013B195F90E10984700
S31500005190631CE87303EA080319F80340013303EAC2
S315000051A0080319F80320013303EA080344EA02243A
S315000051B019F80320013303EA080319F8033044EA17
S315000051C0024444EA036416F4804306D0384600F0ED
S315000051D0F5F9B0FA80F35B095B00214638466A7C34
S315000051E003F0AAF8062328600020AB711DE719F822
S315000051F004004000C0B2C5E70020C3E70023EB73FC
S315000052000B4BDB691A0A1B0406D4D3B2323BDBB262
S31500005210AB7300232B60E7E762F0FF0352B28032E4
S31500005220F4D18023F4E70220FFE600BF004000B877
S3150000523000C000B8082310B1024A13647047024A3E
S31500005240FBE700BF001002B8002002B8054A12684A
S315000052501AB190F82A1119B91047084602F030BB66
S31500005260014870476423002000FEFFFF354B2DE9FF
S31500005270F7431C6801F4007900F00103174653EA6E
S31500005280090206460D4637D04FF000084BB30023FF
S31500005290002201200021CDF80480CDF8008004F022
S315000052A087F841462046FFF7D1FF01224146E085B7
S315000052B0DFF8A480104606F099FAD4F89C1094F80A
S315000052C0250002F067FBD8F8000000F061F94FF006
S315000052D0FF33C8F8003094F8243043F0040384F810
S315000052E02430B9F1000F07D00121204606F09FFFB8
S315000052F025F4007506430D432B4632462046FFF73C
S3150000530083FCFB070FD51049104A08680021136873
S31500005310116001210E4A117003B198470D4B00210F
S3150000532002205B68984717F00E0F08D04FF4EC7216
S315000053303B21002003B0BDE8F043FFF7EFBB03B00D
S31500005340BDE8F08358210020742300207823002034
S315000053506D240020A0240020A824002008B558228F
S315000053600021064805F0F0FE1022FF21044805F052
S31500005370EBFE04F0B1FB002008BD00BFF03E00B01C
S31500005380343F00B073B52D4A2D49137809784FF094
S31500005390FF350B4313700D23742280F83031A0F8CB
S315000053A020216D238222C0F80C31C0E944236423F6
S315000053B0C0E946336FF07B438362224B0026C3630A
S315000053C000F15003C3644FF6FF73044680F825309E
S315000053D003F58003C0E90C3580F82660C0F8B050AC
S315000053E0858503F075F82046FFF7B8FF94F9261077
S315000053F02046FFF757FC6023134A40F6FF71D3643B
S315000054004FF03A4211631167104A2946D36440228D
S315000054100F4B20461A64D4F89C2006F03AFB0E2364
S3150000542000220193009340F202231046194603F02E
S31500005430BFFF01F02DFB304602B070BD6E24002088
S31500005440DFC700000700FFFF004000B8005000B8AB
S31500005450002002B8044BD3F8EC3E13F0806F14BF63
S3150000546023200020704700BF003000B002462DE91F
S31500005470F843B0F8344100F58275FFF7EBFF0F688B
S31500005480D1F804807E1C08BFD2F80C718E6808BF64
S315000054900F60B8F1FF3F04BFD2F81881C1F804804D
S315000054A0731C48D1D2F81431D1F80CC08B60BCF112
S315000054B0FF3F47D1D2F81061D1F810E0D1F814C0FF
S315000054C0BEF1FF3F08BFD2F804E1D1F8189008BF3B
S315000054D0C1F810E0BCF1FF3F08BFD2F808C1CE60AA
S315000054E008BFC1F814C0B9F1FF3F08BFD2F81C913C
S315000054F0B9F1000F2DD1C0F164048C6117B16D2F85
S3150000550038BF6D2716492846C2F80C71C2F81061DB
S31500005510C2F81431C2F81881C2F81C41C2F804E17D
S31500005520C2F808C107230F4AD1F8FC1002F05CFE4E
S315000055300020BDE8F88304F16D031B1AB34238BF9F
S315000055403346B1E704F17406361A664538BF664637
S31500005550B2E76D34241A4C4538BF4C46CDE700BF40
S31500005560004F00B0A43F00B04FF40022034B186C6C
S3150000557003F500531A64C0F3C0407047000002B838
S31500005580024B586900F00100704700BF00C001B827
S31500005590431C07D06FF0FF02034B10405A62A3F57D
S315000055A080535862704700BF00E000B8024B586E47
S315000055B000F00F00704700BF003F00B0014B986E2F
S315000055C0704700BF003F00B0014B0020996670474E
S315000055D0003F00B003282DE9F74F0C46914678D8D6
S315000055E03D4B1E5C3D4B13F800A03D4B13F800B03D
S315000055F006F079FF804604F0D5F8074640B100234F
S3150000560000220193009301200023002103F0D0FE25
S3150000561004F0D0F848B10023002201930093002043
S3150000562000234FF4004103F0C3FE002E49D02D4B5A
S31500005630DD6C05F0080506EB0A002B4B23305844B9
S31500005640DD64C0B201F044FC5146304604F0F6F881
S315000056505A465146304604F05DF9244BDD6477B175
S31500005660234B1B68D3F89C1093F8250002F092F99F
S3150000567020490868FFF78CFF4FF0FF330B60B9F144
S31500005680000F04D01C4B002103205B689847D4B15F
S315000056904FF48062194B1D6F03F50053C5F3802547
S315000056A01A67404606F01AFF00F08CFB01280CD161
S315000056B01DB14FF48062124B1A67002003B0BDE89B
S315000056C0F08F3546B7E72546EBE7002CECD10520F1
S315000056D0F4E72120F2E700BF58CA000054CA0000D0
S315000056E050CA0000004000B8006000B8005000B882
S315000056F058210020A8240020A024002000C001B8C2
S3150000570000D001B8034A136A60F3D2231362002063
S31500005710704700BF00C000B8094A536A13F400136B
S315000057200BD1D2F80001C00707D4D2F8800000F4EC
S315000057307060003818BF0120704741EA5350704727
S31500005740004001B8F8B514460D4601F00B0323EAF4
S315000057500201384A2340D164A2F58052D3646A0715
S31500005760064610D50121FFF7D7FF60B104F04EF8C9
S315000057704FF4007314F0040F14BF2F4A2F4A5362DC
S3150000578004222F4B1A64EB0606D514F0100F14BF33
S3150000579000221B222B4B5A652F061DD5200616D537
S315000057A04FF40012244B1A62012203F58053C3F80A
S315000057B0002106F098FE0E210746032002F06EF83F
S315000057C040F201221F4B3846DA6206F087FE214678
S315000057D096F8250002F0DEF8E90503D5E20523D5A3
S315000057E002F0B2F8AB0503D5A70520D502F0B8F84C
S315000057F015F0600F04D03046D6F8F010FFF790FA97
S3150000580028050FD504F002F80F4A2105D2F8EC3E20
S315000058104CBF43F0006323F00063C2F8EC3E042261
S31500005820074B1A640020F8BD02F088F8DAE702F0A8
S3150000583091F8DDE7006000B8005001B8006001B8DB
S31500005840002002B8004000B8003000B070B5054630
S3150000585090F830010C460D2822D0FF2901D12120D5
S3150000586070BD1AB14FF0FF320F4B1A6006F073FB92
S31500005870064695F8300101F02DF9844228BF04460A
S31500005880E4B2B44238BF3446E0B285F8290001F0EC
S3150000589029FA064A0346107820B9FF2BE0D1DEE745
S315000058A00220DDE70020DBE7B0240020DFC7000090
S315000058B00C4B73B51B7804460E4615467BB96946F4
S315000058C006F023F832469DF800102046FCF7A2FEAB
S315000058D02A4601462046FFF7B9FF02B070BD0020F8
S315000058E0FBE700BFDFC70000F8B50E4690F83011A1
S315000058F004460D29174603D12D4B1B78002B4FD09C
S3150000590032462046FCF786FED4F8EC3084F82800B0
S31500005910002B41D0274A1578D4F8FC204DB1002A37
S3150000592040D1B4F94400B3F91210884206DC0025D0
S3150000593007E0BABB94F83921824202D20125B3F9B5
S31500005940126000223146204684F82B70FFF7B0FF24
S3150000595008BB75B1C4F8EC00204605F09FFF4FF672
S31500005960FF739842014615D02046BDE8F840FFF780
S3150000597081B8114B1B7813F0FD0F0BD1204601F0B7
S31500005980B7F80E4901230E4AD1F8FC1004F58270CF
S3150000599002F02AFC0020F8BDFF2384F82930F9E73D
S315000059A00220F8E7B4F94010B3F912209142BDE79E
S315000059B0DFC700006E240020D2240020004F00B074
S315000059C0A43F00B0D0F8A430012B01D100207047CD
S315000059D070B505464B498EB006F0FDFAD5F8EC6079
S315000059E00146AC8DC5F8F00026B1336813B15B688B
S315000059F0002B60D106F077FD06F070FD0123D5F887
S31500005A00F0108DF80E30B389B0687268E31A9BB255
S31500005A1000FB03223C48ADF80C30036802928B422F
S31500005A2002D02846FFF77CF9384C394E00F0CAF907
S31500005A300128FBD1236CDA07F8D4336CDB01F5D4EB
S31500005A40D5F8F01028460D919DF80E20029908AB66
S31500005A5002F0AEF860BB00F0B5F90128FBD12C4A84
S31500005A602A49136CDE01FCD40B6CDC07F9D408A9B7
S31500005A7001A802F0B9FAD8B9AA8D264B5A6495F84E
S31500005A80243060F3410385F8243006F015FAD5F882
S31500005A90EC40024663691968431EDBB2FD2B049194
S31500005AA00FD9C81C0DD9013110D000200EB070BD21
S31500005AB002200EB070BD1A68032A9BD99B6A5B0E42
S31500005AC09FE7284604A906F0E2F9EEE7124B626862
S31500005AD09A420AD8D5F84C319B050CD495F8243057
S31500005AE043F0020385F82430DFE7284600F044FB44
S31500005AF00028DAD0EEE728464FF4803106F097FB0F
S31500005B00D3E700BFFC4F00B06823002000C002B8F6
S31500005B10000002B8008001B800CA9A3BF8B590F8B8
S31500005B203C61044666B306F0DEFC1F23154F013EBA
S31500005B307B621E40144B05465E62D4F84021A3F5F5
S31500005B4080539A66D4F84421DA66D3F80031DB072D
S31500005B5011D5204606F003F84FF0FF3318B1C0F117
S31500005B6020029340DB43C7F80431D4F8A820134041
S31500005B70054AC2F804312846BDE8F84006F0AEBC36
S31500005B80F8BD00BF006001B8005001B810B504238D
S31500005B904FF03A4101240A4AD1F81801C2F81831E7
S31500005BA0C2F814314C634FF400511163410742BFF0
S31500005BB0C2F81431A2F58052C2F8183110BD00BFE8
S31500005BC0002000BA70B54FF03A434FF480640A4D96
S31500005BD0D3F818610020C5F81841C5F8144103F040
S31500005BE071FE4FF400532B67730542BF034BC5F894
S31500005BF01441C3F8184170BD002000BA001000BA65
S31500005C00F8B504460D46D0F8F07019B990F824306E
S31500005C10590651D44FF6FF73218E994204D0384B62
S31500005C201B680BB120469847364E3368BB425FD09F
S31500005C30354B1B683BB11FB13A68002A5AD0BF6882
S31500005C403946204698470727204600F051FF002D89
S31500005C5044D0062503F040FF2C4B2D4993F9003024
S31500005C6094F926700A6AC3F12703DB1B63F3D22279
S31500005C702848D4F8F0300A623360856701F09AF854
S31500005C8000220120244B2549087083F880202046F5
S31500005C9006F0D3F8224B1B6C5A0203D4D4F89C307E
S31500005CA01B0607D54FF4001001221E491E4B086241
S31500005CB0C3F800210020F8BD4FF6FF72114E65F3C0
S31500005CC0861380F82430336802869F4214D00E4B28
S31500005CD01B68002BAFD100F00BFF072713493B468B
S31500005CE0134AD1F8FC1004F5827002F07DFAB0E791
S31500005CF00127A9E71746A3E700F0FAFE0127EDE71B
S31500005D0070230020682300206C2300206B240020D1
S31500005D1000C000B8006000B8003F00B06C2400204E
S31500005D20000002B8005001B8006001B8004F00B092
S31500005D30A43F00B038B506F0D6FB4FF6FF710A4A0D
S31500005D4013888B4203D106F0C9FB0E2038BD074CE1
S31500005D50074D1B046566A4F580546366118006F042
S31500005D60BDFB0020F2E700BFD0240020006001B890
S31500005D700000FFFF08B50F4BD3F84C21531C17D07A
S31500005D8012F0804214D10C4B1B78012B10D9082B32
S31500005D900ED00A4B1B681BB111460320FFF71AFCF5
S31500005DA04FF08062064BDA6401225A6102229A623F
S31500005DB008BD00BF0080E00FDA2400205821002033
S31500005DC0001002B80F4BDB68C3F30363013B0B2BD8
S31500005DD00FD8DFE803F006060C06060606080A08D2
S31500005DE008080220704704207047052070470320EA
S31500005DF07047054B5B6913F0060F14BF04200120A2
S31500005E00704700BF000002B800C001B8094AD36855
S31500005E10C3F303630B2B08D06FF49050184100F0C6
S31500005E20010080F0010040007047106C10F48030D3
S31500005E30EDD17047000002B80C4AD368C3F3036380
S31500005E40062B07D8042BD8B20BD8C31E584258418C
S31500005E5040007047072B06D1D2F844010028ECD148
S31500005E607047022070470020704700BF000002B84C
S31500005E70084BDA68C2F30362931E012B8CBF002322
S31500005E800123037040F62203D34003F001030B7095
S31500005E90704700BF000002B8F0B5CF072CD5002A26
S31500005EA00CBF5525AA250E461E24154F01F00303E7
S31500005EB083F001033B449B7806F0070C17F80CC0EF
S31500005EC0013C63444FEA5606F6D10E4E73436FF417
S31500005ED081769B0C33448AB991FAA1F195FAA5F51E
S31500005EE04A082D0F490042EAC57201F00204C0E9D2
S31500005EF02A2380F82740F0BDAA25D4E7024AF6E710
S31500005F005CCA000036FC1000B756351213B5019175
S31500005F1047F6FE711A4BC3F83012D0F8AC4001EACE
S31500005F204401184CC4F830120F2159660199C9076B
S31500005F3023D512BB012161664FF0FF31C3F804116E
S31500005F40D0F8A8400F49C1F804414FF0F044C3F817
S31500005F50104190F82730DB062340C1F8103152B1CA
S31500005F600422C06C0DEB020105F0F6F84FF03A433F
S31500005F700222C3F8F42002B010BD0221DBE700BF05
S31500005F80006001B8005001B813B590F8251004461A
S31500005F90FFF71AFB012000F0A7FF4FF4F0620B4B4E
S31500005FA0DA644FF40072A3F58053DA6494F825306E
S31500005FB0023B012B08D80421054B01229B6E0DEBF9
S31500005FC00100019300F052FA02B010BD006000B863
S31500005FD0004001B838B5184B05461C6844B1E36863
S31500005FE033B1206801F0A2FBA368186801F09EFB9C
S31500005FF0124B134A1B6813602BB1DA681AB19B68FF
S31500006000186801F093FB0F4B1B682BB1DA681AB1C5
S315000060109B68186801F08AFB0B4B1B682BB1DA688A
S315000060201AB19B68186801F081FB21462846BDE835
S315000060303840002205F00BBF6CFA000068FA000039
S315000060407C23002064FA000060FA0000F8B5D0F85E
S31500006050403104468B420D46164603D190F83C313A
S31500006060202B0ED0324629462046FFF715FF202367
S3150000607084F83C310023C4F84051C4F84431FFF79A
S315000060804DFD4FF00077074B32461F6429462046E8
S31500006090FFF73CFF8022044B1A6103F500531F648F
S315000060A0F8BD00BF001002B8000002B810B5072402
S315000060B0144BDC6309B34421A3F500535963124919
S315000060C0096891F8251006291CBF40F04000986326
S315000060D001230E484FF48041C3630A4B12B9C3F83B
S315000060E0041101E0C0F804114FF48042C3F80821FE
S315000060F0C3F80C21C3F8102110BD4FF48041034BA7
S31500006100EDE700BF006000B858210020005000B83D
S315000061100A68064B12F0802F1CBF42F20101C3F839
S315000061202812C3F88822C3F88C227047004001B8B1
S31500006130F0B50E460E4B85B0074615460FCB8DE8DB
S315000061400F000C4B6C46D3F848325A1C08BF00238C
S3150000615026B16A1ED2B2FD2A88BF33602A4621467E
S315000061603846009305F093FE002005B0F0BD00BF51
S315000061706CCA00000080E00FF0B5144B85B0D0F873
S31500006180E8600FCB8DE80F00114B6946D3F8484203
S31500006190FF20631C08BF00240094FFF7B9FF00230B
S315000061A02420F1680B4D994202D1002005B0F0BDC4
S315000061B0B26800FB03225768AF4205D952691AB18B
S315000061C01768013708BF14600133ECE76CCA00009A
S315000061D00080E00F00CA9A3B30B50823054685B01B
S315000061E078B9094AC2F8FC3349B9084B0FCB8DE898
S315000061F00F00074B2A4669461868FFF799FF05B056
S3150000620030BD044AEEE700BF001002B87CCA0000A9
S3150000621058210020002002B84FF03A43D3F8142149
S31500006220D2031ED54FF480320E49C1F81421A1F5D0
S315000062308051C1F818215A6DD1B2C2F30722C3F8B2
S31500006240A410C3F8A4200422C3F8A4200022C3F893
S31500006250A420C3F8A420C3F8A420C3F8A420C3F83C
S31500006260A4207047002000BAF0220D4BC16C9A643E
S31500006270A022A3F580539A64438E4FF03A42B3FAB4
S3150000628083F30120C3F11903DBB2C2F8F400C2F8AC
S31500006290CC304FF40053C2F8D010C2F8F03070473B
S315000062A0006000B8F8B50D464FF03A44174606466A
S315000062B006F019F901230421074A6363E7602661A2
S315000062C06561C2F81411054AC2F8843106F006F970
S315000062D00DB102236363F8BD002000BA00E100E0BF
S315000062E02DE9F84305460124036803F00703063346
S315000062F004FA03F0AB68EC68461EA34278D06C68DB
S3150000630003EA060707EB040CC41B13440643A24228
S3150000631006EA0306634637D9101A3A189CB3631E79
S31500006320062B40F2978041EA0C039F0740F09280CB
S315000063304B1CACEB0303022B40F28C800B4624F083
S3150000634003084FEA940901EB0807ACEB010E186845
S3150000635043F80E0004339F42F9D144450CEB080084
S31500006360A4EB080354D097F800E0012B0CF829E0C1
S315000063704ED00C44214697F801C0022B80F801C08C
S315000063801CBFBB7883706B684AB3501E062801F1A8
S31500006390010040D91C1A022C3DD941EA0304A40786
S315000063A039D122F00307A1F1040C4FEA920ED81955
S315000063B05CF8044F43F8044B8342F9D1BA42A2EB8E
S315000063C0070001EB07040AD011F82E2001281A70E5
S315000063D005D0627802285A7001D0A2789A7006F029
S315000063E082F80223AE60AB62BDE8F84306F076B8E9
S315000063F0042A1BD90B78043AAB614B780431AB61A4
S3150000640011F8023CAB6111F8013CAB61AB6876E771
S315000064100C442146B7E71144013B00E0013010F877
S31500006420012C884203F8012FF8D1D8E7013A032A54
S315000064300ED8DFE802F00B08050211F8013BAB614C
S3150000644011F8013BAB6111F8013BAB610B78AB6115
S31500006450BDE8F8830C44ACEB010E01EB0E0311F81A
S31500006460010B8C421870F8D121468CE738B50B46E3
S31500006470154601464FF03A4468B101221048C4F867
S31500006480F4201A46FFF72CFF25B14FF03A430422B9
S31500006490C3F8F42038BD73B1D4F8D8209A4284BF2B
S315000064A00122C4F8F4204FF03A42C2F8D430022355
S315000064B0C2F8F430E8E70123C4F8F430E4E700BF9B
S315000064C0CC0000BA38B5044606F00DF84FF03A4253
S315000064D00121238F054651674BB3B3FA83F3C3F10A
S315000064E01903DBB2A069C2F8B410C2F88C300723D6
S315000064F0C2F89000C2F8B0304FF4A02302F5005263
S31500006500C2F81431A2F58052C2F8183100220C4BA1
S315000065101A600C4B1B6C5B0209D54FF480020A4BC8
S315000065201A64D4F89C1094F8250001F033FA00237D
S31500006530638707232846A387BDE8384005F0CEBF0A
S3150000654080230020000002B8002002B82DE9F8439D
S3150000655005460C46C1B1D0F81880078F05F0C3FF79
S31500006560B5F83AC0791EDFF8049101EA0C0323F06E
S315000065700702032C0646D9F800E042445CD1BEF17E
S31500006580000F04D105F0AAFF0E20BDE8F8832EF017
S3150000659001042EF0010EA64553D10023C9F80030A0
S315000065A0238894426FEA43436FEA534323803ED1E4
S315000065B0AB8F08EB07091846083880B202F10804C9
S315000065C04C4528BF4446082804D9B4F800E0BEF577
S315000065D0804F40D263440F431B1A3B409BB26B87EC
S315000065E0A887947811884FF03A42C1F30C0191655F
S315000065F0C2F89830C2F8B0004FF48022174B04F06E
S315000066000704C3F814210122154BC3F88421FFF7B0
S3150000661003FE042C0BD14FF48002124B1B6C124B61
S315000066201A64D5F89C1095F8250001F0B3F93046A8
S3150000663005F054FF0020A8E7601E012898BF144605
S31500006640A7E7A88F4344E31A48BFDB1908389842E6
S31500006650A6DC304696E72246AEE700BF002000BA29
S3150000666000E100E0000002B8002002B8802300200C
S31500006670154B10B519688A8F4B8F088F1344013854
S31500006680073B8C69034023F007031C4402F108030F
S315000066904FF03A429BB28B87C2F8B0304FF480225B
S315000066A00A4BC3F814210122094BC3F88421A078B0
S315000066B000F00700042803D1064AD3681B03FCD464
S315000066C0054B1C6010BD00BF58210020002000BAF9
S315000066D000E100E0000002B88023002010B5064C5F
S315000066E0216839B1CB0703D4044B1868FFF72EFF96
S315000066F00023236010BD00BF802300205821002006
S315000067004FF480320C4B0D49C3F818214FF03A4331
S31500006710C1F81421D3F8AC10D3F88C20012302F071
S31500006720070206329340C1F30C01083B994201D897
S31500006730FFF772BD704700BF002000BA001000BA14
S315000067402DE9F04106460C46078F1546D0F818800D
S3150000675005F0C9FE728F07F1FF3E02EA0E0323F031
S315000067600701032CB6F83CC0414419D14A4C2468B1
S315000067709CB96244073A02EA0E0222F0070208EBCD
S3150000678002044344E31A48BFDB19634510DB05F0F6
S31500006790A5FE00242046BDE8F08124F00104F0E7C0
S315000067A0012C03D0022CECD1ACF1080C0C46E8E726
S315000067B0002D37D08C4238D14FF03A42926D4FF0CF
S315000067C03A4CDCF8AC70718AC7F30C079F423FDD88
S315000067D02388B3F5804FDAD2A77801F1FF3C07F0A2
S315000067E00707C3F30C039B1A41EA0C0E052F2F7003
S315000067F003EA0E0324D81BB223EAE3776F80E77817
S315000068002F74F66902EA0C02B718AF609FB212FA4B
S3150000681083F38B4291BF00238B1AAB80EE609CBF43
S31500006820AF80EB6005F05AFEB4E7A4F1080290458C
S3150000683084BFFF0802EBC7021288C2F30C02BEE750
S31500006840164F7F6D002F14BF0A270027DB1BD2E7E8
S31500006850DCF8543001F1FF3CA3EB020E41EA0C03D5
S315000068600EEA030EDFF838800FFA8EF3002BD8F805
S315000068700C700FDC07F07067B7F1407F14BF00277C
S315000068800127FF002F70D8F84870A5F802E03F0AEC
S315000068902F74B6E70827F5E780230020004000B8EC
S315000068A0000002B81022024B1A70FFF763BA00BF4D
S315000068B0DA240020054A1378102B04D018B123EAF5
S315000068C0010313707047FFF7EDBF00BFDA24002005
S315000068D008B5134B1349D3F84C215B6823F04043AA
S315000068E023F440031B0C1B048B4216D10E4B1340A2
S315000068F00E4A93420CD10E4A0E4B904208BF1346E5
S315000069001B1A584258410121FFF7D4FF002008BD49
S31500006910094A934201D1094AEEE7064BF0E700BF68
S315000069200080E00F00001602007FF01F00026000EA
S31500006930E17DF95F690345EC000460009839F4963F
S3150000694008B550B1064B1A88824206D2002018803C
S315000069500421FFF7AFFF002008BD0120F8E700BFC4
S315000069603024002010B5044605F0F8FB00B1A08ADB
S31500006970034B042118800120FFF79CFF002010BD67
S315000069803024002010B5104CD4F84C315B0004D4F0
S3150000699001F08AF80221FFF78DFFD4F84C31591C1B
S315000069A00FD05A000DD4094B1878012809D9A0F147
S315000069B0080358425841A822BDE810403121FEF78D
S315000069C0ADB80120F7E700BF0080E00FDA24002011
S315000069D0024A137843F0080313707047DA24002044
S315000069E0014B588000207047D224002038B5124D44
S315000069F00446297819B92022104804F0A5FB002185
S31500006A0023780F4A022B13700E4A0F4BC2F8CC1094
S31500006A104FF0FF010D4A4FF0000011704FF00701D3
S31500006A200B4AC2F8FC130CBF04220122C3F8FC2354
S31500006A3001232B7038BD00BF6F240020E03F00B05B
S31500006A40D2240020004001B8001002B8DD24002046
S31500006A50002002B808B50622024904F07DFB00209A
S31500006A6008BD00BFD224002010B5044600F064FD26
S31500006A70064BD3F8F83724B983F40033C3F3404008
S31500006A8010BDA31E58425841FAE700BF000002B8E5
S31500006A904FF63F720A4BD3F8FC37934206D0094AA9
S31500006AA0C3F301131370E022074B1A7041F66A0212
S31500006AB0064B1B68B3FBF2F3054A1360704700BF31
S31500006AC0000002B8DE240020DF240020A0230020DE
S31500006AD08423002020B1022804D1034B1878704784
S31500006AE0024BFBE700207047DE240020DF24002055
S31500006AF02DE9F74FD0F8B0204C23022A38BF0222E6
S31500006B00064690F830B16A48013A016AD0F8CC706E
S31500006B106848C1F38211CB40016803F00105914238
S31500006B202B466549DFF8B0A1DFF8B091DFF8B081F8
S31500006B3016D10C78AC4213D19AF800405C450FD1BF
S31500006B40D6F8B44064B1BC420AD196F8297099F8D7
S31500006B500040A74204D1B8F8040003B0BDE8F08FA6
S31500006B6002600B70002D00F08C8004234FF07F40F4
S31500006B7000255249C1F8B830514BC3F8B80096F811
S31500006B8029301B06C1F8B8304FF080514B4B2C040E
S31500006B90C3F8B41040F271214A4B1B68B3FBF1F302
S31500006BA019215343B3FBF1F1182B8CBFB1FA81F2D3
S31500006BB02022002C79D0B4FA84F3D21A002A72DD8E
S31500006BC0C2F10F03012B38BF0123D440A14201D2E9
S31500006BD0013B64086A1C03F01F0152008A403A4FC9
S31500006BE0121B9208C7F8B0201A0242EA0312134396
S31500006BF0019305EB052305EB0325344B40F6C20252
S31500006C0018682B21003818BF0120FDF787FFFA22EC
S31500006C102E4B02FB04F01B6840F6FF72B0FBF3F04C
S31500006C200A2358432A4B00F57A74C3F8C420019A04
S31500006C30A3F58053C3F8C420A3F58053C3F8CC5002
S31500006C40D3F8CC3000F58C50C7F8FC30C6F8B450F9
S31500006C50204D14302C6001F051FA4FF47A72C7F8C7
S31500006C60A400C7F8F8002B68B4FBF2F0B3FBF2F30C
S31500006C70A8F8043096F829308AF800B089F8003070
S31500006C806BE798F800100846FFF724FF002914BFA9
S31500006C901025202596F82930834294BFED182D182B
S31500006CA005F0FF0570E70F2390E70F2392E700BF7B
S31500006CB0004001B8B024002070240020001002B863
S31500006CC0002002B8A0230020003F00B0842300204B
S31500006CD0006001B888230020DC240020DB2400208B
S31500006CE0D224002010B5114B01461B78104C0D2BF9
S31500006CF002D1FF20207010BD184605F02CF902467F
S31500006D001846FFF7E7FE884228BF0846C0B2904201
S31500006D1038BF10462378C0B28342ECD0054B2070B2
S31500006D201868FFF7E5FE2078E5E700BFD2240020CB
S31500006D30DD2400205821002010B50446FDF7D8FCBC
S31500006D4078B1154B1B786BB964B1144B1B784BB1FA
S31500006D50134B1B78013B012B04D84FF40042114B17
S31500006D60DA6410BD104BDB6C1B04FAD405F0BBFBD8
S31500006D70044602F04BFD4FF400420C4B2046BDE8A2
S31500006D801040DA6402220A4BC3F87C240422054B25
S31500006D901A6405F0A3BB00BF7124002072240020F2
S31500006DA08C230020002002B8000002B8001002B8B0
S31500006DB000D003504FF48022014B9A64704700BF05
S31500006DC0005000B837B5044600F0B6FB01213A2062
S31500006DD0FAF7D4FD364D374B00201C702B78002B6C
S31500006DE00CBF002404F00104FFF7A6FF2B78013B3B
S31500006DF0012B08D8EB7B01A88DF804302B7C8DF88D
S31500006E00053003F063FD00222B4BC3F87C24002CD5
S31500006E1046D06A68002A39D0284B1B6803EB520318
S31500006E20B3FBF2F3013B1B0243F0F8032A78022A74
S31500006E302ED0032A30D0012A35D1072243F002038F
S31500006E404FF6FF701E49C1F88400A1F58051C1F8C4
S31500006E508430194BC3F87C2493070BD5EB7B01A830
S31500006E608DF804302B7C8DF8053003F01DFD0120D4
S31500006E70FFF762FF4FF08043BCB1124AD364002093
S31500006E804FF48022104B9A6403B030BDF823CDE74F
S31500006E90062243F00103D3E7042243F00503CFE7BC
S31500006EA02246F823CCE70022CAE7084AE6E700BFF5
S31500006EB08C2300207224002000C00350A023002051
S31500006EC0006000B8001002B8005000B8002002B8F8
S31500006ED0034BDB6C002BBCBF024BC3F8880070472A
S31500006EE0000002B8004000B84FF0006338B1064A0F
S31500006EF0D364064B4FF40032C3F884207047044A2B
S31500006F00D364044BF6E700BF001002B8005000B887
S31500006F10002002B8006000B82DE9F04700F066FBDB
S31500006F204FF47A752F4BB0FBF5F518604FF4FA73F2
S31500006F306B4307462C48190E1B0218182B4A4FF0B4
S31500006F40000341F10001FBF7C9FE294BA0F5807152
S31500006F5082460246196330B94FF0010A4A222B21B4
S31500006F60FDF7DCFD52464FF47A735A43290200239B
S31500006F705008FBF7B3FE1E4B1E4AB7F57A7F9A60A0
S31500006F801D4B4FEA0A6619601C4BA9468846044603
S31500006F9018604FEA1A2A06D201259D222B210020CD
S31500006FA0FDF7BCFDA9464FF47A73A6FB030103FB6C
S31500006FB00A116D0840194FF0000341F100014A46DD
S31500006FC0FBF78CFE0E4B023419600E4B48F100089D
S31500006FD0A408186044EA8874054B013C9C63BDE82C
S31500006FE0F08700BFA023002020A1070040420F0029
S31500006FF000C001B802110100B0230020AC2300201C
S31500007000A8230020A42300201022044BC3F88421C7
S315000070105A600122024BDA60704700BF00E100E0CF
S3150000702000C001B810B50446A242A2EB0000A3EBD3
S31500007030010104D2034B01399B6B0133184401F063
S31500007040030110BD00C001B838B501250A4B020185
S315000070509D504FF480730446084A8340536605F0FA
S3150000706042FA074AA540137823EA05031370BDE8E0
S31500007070384005F033BA00BF00E101B800E001B8BE
S315000070807C2400202DE9F84F164604468A461F4602
S3150000709005F029FA022E00F09380804605F02CFABE
S315000070A0604B614AD3F8209092F88D505A6EEDB23B
S315000070B0520744BFD3F82090013505F0030505F0CB
S315000070C016FA4846294600F001F98446DAF8000027
S315000070D0012E04BF01306044ACEB000C08BFCAF8B7
S315000070E00000BCF1804F7ED300F004F98145A1EB8E
S315000070F0050188BF4B4BDFF854E188BF01F1FF3132
S3150000710001F0030188BF9B6BA0EB090C0EF804107D
S31500007110A1B1F90742BF41F61F72444B5A67BA073D
S3150000712042BF424B424A5A677B0742BF00223D4B51
S315000071309A673D0742BF00223A4B9A6511254FF0E8
S31500007140010A384B04F11002120103EB041BCBF8C1
S315000071500C0138499D501A6A0AFA04F5586E0B78E4
S31500007160A2EB0902EDB22B4362450B704FEA0419FC
S3150000717025D34FF48073A340034220D11EF8042088
S31500007180002A4BD10EB32C4AF807536607D541F6B1
S315000071901F7140F20110254B596750675967B907AF
S315000071A006D5224B224A244924485A6748675A671B
S315000071B07A0742BF0122224B1A613B0719D4404687
S315000071C005F08CF90120BDE8F88F1E4A42F809A0A7
S315000071D042F89C3C05F087F916490B7823EA05032B
S315000071E00B7005F07BF9404605F078F90020BDE804
S315000071F0F88F2120FFF76CFE4FF48031094A124BBD
S31500007200D1601A78002ADAD000222D201A70FFF7F2
S315000072105FFE1022084B40465A66D1E7064A4046B2
S315000072205366CDE700C001B8003E00B000E001B8EB
S3150000723000001F1F7C24002000D001B800000101BF
S31500007240000002B800E101B8732400207424002075
S31500007250034B10300001185800F00100704700BFC2
S3150000726000C001B810B504462120FFF731FE1CB15D
S315000072704FF48032064BDA60064B1A783AB1002298
S315000072802D201A70FFF724FE1022034B5A6610BDFC
S3150000729000C001B87324002000D001B838B505F04D
S315000072A02BF9084B084A1D6A92F88D405A6EE4B2D3
S315000072B0520744BF1D6A013405F019F9284604F047
S315000072C0030138BD00C001B8003E00B0074B084AB4
S315000072D01B6810B54343146803EB817300224FF01B
S315000072E00041E4FB0012981810BD00BFA82300203F
S315000072F0A42300200C4A20F04043014610B500208C
S3150000730014684FF00042E4FB0320084A890F126814
S3150000731002FB0300064B9B6B984204D901330131F3
S31500007320C01A01F0030110BDAC230020B0230020D9
S3150000733000C001B8044B01F0F071103041F00301B8
S3150000734000011950704700BF00C001B808B52220DF
S31500007350FFF7BEFD4FF48022014BDA6008BD00BF87
S3150000736000C001B870B51646054610B9212420465E
S3150000737070BD0029FAD0002AF8D042680F4B006889
S3150000738003321B68920800F13040984704460028F3
S31500007390EDD1EA68A86803323146920800F1304020
S315000073A004F010FE04460028E0D1286921466A69E7
S315000073B000F1304003F0C8FED9E700BFB824002032
S315000073C070B50C68651C15D0C4F302669E42C4F302
S315000073D0074530D1A4B294422DD804EB8506B242BB
S315000073E029D2141BA50824F003040E59340F04D027
S315000073F0012C08D00022212402E06B1C51F8232026
S31500007400C0E9002470BD0E4C34F8133042EA034341
S315000074101A686B1C51F8234001EB83014B6822402C
S315000074205E4036F0704404D11B0F032B04BF8B68FB
S315000074301A430024E4E7013501EB8501C1E700BFEB
S3150000744094CA000007B501A8FAF7C8FF9DF80530F1
S31500007450022B02BF40220B4BC3F8FC23C8220A4B67
S315000074605A650A4B0A4AD3F86032DBB2FF2B08BFD3
S3150000747003239B0043F47F53C2F8F83303B05DF84F
S3150000748004FB00BF001002B8008001B80080E00FC6
S31500007490000002B80022012108B51F4B1A645A6485
S315000074A09A641E4A51610221916242F20101DA6830
S315000074B0C2F3036221FA02F2D207F8D51122184963
S315000074C09A631848184AFFF74DFF00F087FF174ADE
S315000074D093685BB9164A93689BB94FF080620F4B6D
S315000074E05A61012203F580535A6108BD1149D268D9
S315000074F0096803F13043032AECD943F8041B043A24
S31500007500F9E70C49D268096803F13043032AE4D944
S3150000751043F8041B043AF9E7000002B8001002B869
S3150000752000CB0000E4CA0000FCCA0000CCCA000080
S31500007530B4CA0000BC240020012341F6FF710D4AA5
S31500007540C2F8803291660C4A53600C4A53600C4A6A
S315000075505360A2F580425360A2F54042536002F5A3
S31500007560C032536002F580425360A2F50042536078
S31500007570704700BF0090005000D000B8001000BA5D
S31500007580005001B810B50324FFF7D6FF114A124B7D
S31500007590DA64FFF757FF114BC3F8E04000F0CEF96D
S315000075A000F07AFD4FF460720D4B5A614FF4007291
S315000075B0DA6404F081FC0021FEF70EFE8022094BFE
S315000075C01C64A3F580535C64074BC3F884215A609E
S315000075D010BD00BF0048F000000002B8005001B81E
S315000075E0001002B800A002B800E100E008B504F0FF
S315000075F0C1FE044B1B6FC3F300430133B0FBF3F032
S3150000760008BD00BF008000502DE9F04F064687B048
S3150000761002900F4657F8044B631C06D1029B346058
S31500007620F01A801007B0BDE8F08F3E4BC4F3016A34
S315000076305FEA147B33F81A1008BFC4F30742A4B2FA
S3150000764044EA014404F06F4118BF0122B1F1804FB2
S3150000765002D0B1F1204F0ED124F070444FEAC20996
S31500007660314B09F10401314499424BD901339E4211
S3150000767048D80020D6E704F06041B1F1204F08BF9A
S3150000768024F08054EAE7059B2BBB072015F0420F38
S3150000769020FA0AF000F001002CD115F0280F21D1B4
S315000076A000222244BBF1010F48F8082C4FF0FF32AC
S315000076B018BF0022019B043453F8041B08F1080884
S315000076C04A4048F80C2C0193039B9C42DBD1049959
S315000076D04E4439449DE740F6F30232210020FDF77F
S315000076E01DFADDE740F6F7023221FDF717FA4FF4EF
S315000076F08052D6E740F6FC023221FDF70FFA4FF42E
S315000077000052CEE701259300049305FA0BF504EB2E
S315000077108203039305F0940306F108080197059385
S31500007720D2E700BF8CCA0000DF4F00B0F8B50646AE
S31500007730E0B10024144B25461F46144953F8042B88
S31500007740AAB91348314600EB8500FFF75DFF30B953
S3150000775040F6A8223621BDE8F840FDF7DFB90D4B0B
S315000077600135281847F8246023F81400F8BDB24202
S31500007770FCD001340C2C02D031F81450DEE740F670
S31500007780C22236210020E6E7B42300203024002060
S31500007790404000B03224002070B5A8B1002971D055
S315000077A0002213463849394C51F8045B85420CD106
S315000077B0374A116CC907FCD49B0003F5804340335C
S315000077C01360344B01221A6470BD01320C2A59D061
S315000077D034F81230E8E7C2F3016334F8131012F4F8
S315000077E07E0F93B243EA014321D00430C2F307422D
S315000077F0022A016808D946688568033AC3E9001673
S315000078009D600C300C33F3E70CD142680830C3E9B5
S3150000781000120268531CDED100221D4B1A6003F5CC
S315000078208053CFE7012AF4D104301960F1E7120F33
S3150000783000F108054068072A09D8DFE802F00704C6
S315000078400A0E1114191EC04303F50053186028468A
S31500007850DFE71A6842401A60F9E703F58053F5E757
S3150000786004F08CFBF3E7012203F580538240F2E734
S31500007870012203F500538240EDE71A6830EA02025E
S31500007880FBD1E4E7044CC4E7B423002030240020F5
S3150000789000C002B800D002B894CA0000064BDB68EC
S315000078A0C3F30363984206D1044A536E23F0F003F0
S315000078B043EA011151667047000002B8003F00B06C
S315000078C02DE9F347054604F052FB00278046194E82
S315000078D0DFF864A004F007FE0DF1070181460DF103
S315000078E00600FEF7C5FA9DF806300BB3DAF80C3041
S315000078F013F4603F1CD0DAF8180004F0ABFB044622
S315000079006B1C03D004F033FBA0EB0807484604F0D9
S31500007910E5FD14F5007F07D19DF8063013B99DF8F3
S3150000792007300BB1AF42D5D3204602B0BDE8F08791
S315000079303446E5E700FEFFFF00C000B80122014B18
S31500007940DA647047001002B80122014BDA6470470E
S31500007950002002B84022014BDA647047002002B8CA
S315000079604022014BDA647047001002B80122024B34
S3150000797098611A61704700BF000001B8044BD3F844
S31500007980AC3010B1C3F30332027003F00F0070473E
S31500007990000002B8094B01F080011B6C03F4800360
S315000079A00B430AD14FF40012054BFF281A621EBF83
S315000079B00122A3F58053C3F800217047000002B8E6
S315000079C0006001B810B504F08EFD084B04461B6834
S315000079D03BB1984728B1002200204FF4806100F0A7
S315000079E057FD2046BDE8104004F078BDE423002092
S315000079F04FF604014FF60502044B01201B6C9BB2A7
S31500007A008B4208BF1346024A136670470080E00F98
S31500007A1000C001B808B504F034FB0122054B93F809
S31500007A20893002335B00DBB202FA03F3024A536188
S31500007A3008BD00BF003E00B0002000B84FF0005265
S31500007A40014B1A60704700BF00E100E04FF00052A2
S31500007A50034BC3F88020BFF34F8FBFF36F8F704780
S31500007A6000E100E00C4A10B5D2F84C3154680B4ADC
S31500007A700B49944201EA030106D103F4FE43B3F530
S31500007A80807F08BF41F4A061064804F003FB21464D
S31500007A90BDE8104004F0FEBA0080E00F14001501A6
S31500007AA0E0FFF01FCF13468B2DE9F84F044610B9BF
S31500007AB00020BDE8F88F00F11703B3F5002FF7D2C9
S31500007AC01E4A002390461E4F3D789D4218D8002638
S31500007AD04FF0240AFFF7C6FF216804F001FB616836
S31500007AE004F0FEFAD4F80C90B14511D12369834213
S31500007AF0DED1062D08D048F8254001353D7003E05B
S31500007B0052F8041BA14201D10120D2E70133DCE780
S31500007B100AFB06F3A26812EB030B0CD00BF1230150
S31500007B20B1F5002F07D2D15804F0DAFA04220BEB94
S31500007B30020104F0CAFA0136D6E700BFE8230020A6
S31500007B407D240020F8B50B46002213F8044B94421E
S31500007B5025D91D68854224D106245A791D79124BF0
S31500007B6088181E6804FB0503104F33F8063C7B4358
S31500007B70B3420ED900238A5A7A43964202D804FBAE
S31500007B800300F8BD9D42FAD9013304FB03F2825A81
S31500007B90F2E740F251423D210020FCF7BFFF0020F2
S31500007BA0EFE708330132D2E70024002040420F00FD
S31500007BB000202DE9F84FA2FB0179C74EDFF854C328
S31500007BC0BE19984669F10003B44570EB030307D26A
S31500007BD040F243220E21FCF7A1FF0220BDE8F88FF8
S31500007BE0D8F814A00C461546BAF1000F04D0DAF8FE
S31500007BF00030032B00F21B81B84BB94A9E6BA3F5EC
S31500007C008043D3F8EC30C6F314065900B54B48BF91
S31500007C1046F400161B6ED2F8FCA05A074EBF4FF46E
S31500007C2040039B0503F0E0731E43AF4BD3F8E430EB
S31500007C309B0748BF46F0807646EA456604F0C8FBD7
S31500007C40012D8346C9D10028C7D0A84B984200F021
S31500007C50FD8003F5122303F5F863984200F039819D
S31500007C60A34B984200F093810246002300204FF078
S31500007C700071FBF733F80130A7FB007200FB092205
S31500007C80C6F31303A3FB0B3B20329209C8F800206E
S31500007C90DB0C984A43EA4B33F502146058BF5B424B
S31500007CA0954A964D1C4413602C60BAF1000F00F003
S31500007CB00C81F001924A83EAE370A0EBE370C6F30D
S31500007CC08153D75C4FEAE07E47F3401100FB01F198
S31500007CD04FEA876707FB0E11A0FB070748BF64083A
S31500007CE04FEA540C10EB0C0041EB0701224600232F
S31500007CF0FAF7F4FFDAF800700E2F08D9794B774AB5
S31500007D00926BD969D3F80C31C90600F12081B30210
S31500007D10C0F31300C8F804004CBFC42040F207109B
S31500007D207849DAF81820A1FB0461490900FB01F142
S31500007D304FF4FA73B1FBF2F101FB03F3FA33A4FB40
S31500007D400006A3FB02328342B24138BF0131C9B2F9
S31500007D5041F4006CC8F808C0002900F0B880DAF8D1
S31500007D601C60A1FB062024B1B4FA84F30E2B40F369
S31500007D70D680E303002840F0CF80B3FBF2F0420048
S31500007D8002FB0112A2FB06934FEA044ECE454FEAD0
S31500007D90144474EB030309D349000A44A6FB029377
S31500007DA0CE4574EB030300F10100F6D2C0F30E03D7
S31500007DB04CEA033C4CF00063062FC8F8083047D95C
S31500007DC0DAF83030002B43D00023C8F80C30C8F85E
S31500007DD0103004F0FDFADAF83010FFF7B3FE04466F
S31500007DE018B18378002B40F0DA8004F039FADAF81B
S31500007DF03010FFF7A7FE0446002866D08378002BD4
S31500007E0063D0407940F27D52003818BF01203D21F1
S31500007E10FCF784FE207940F27E5200384FF03D0197
S31500007E2018BF0120FCF77AFE2379627948E0042B1B
S31500007E30DAF828607FF402AFF0014CBF4FF440033C
S31500007E4006F0E07326F0E0761E43F7E62E4813E7C9
S31500007E5004F0BEFA2C68002C00F09B80B4FA84F380
S31500007E60D3F1020358BFDC40284B9C4288BF64080C
S31500007E70002875D0B4FBF0F2642500FB124105FB27
S31500007E8001F1531E88424FEA530300F2A3805208C1
S31500007E90013A1B0243EA0215C8F80C5004F06AFACC
S31500007EA0014600286BD0B4FBF0F2642001FB1243BC
S31500007EB000FB03F3994268D8531E52085B08013A47
S31500007EC01B0243EA0213C8F81030002086E6212080
S31500007ED084E60F48D0E600BF006CCA88008001B86F
S31500007EE0004F00B0004001B8000002B800F049029F
S31500007EF0005A6202082400200424002000240020E6
S31500007F009CCA0000D34D62100A3BB2DF3FBE40253B
S31500007F10313641DC807C814A0A46002032E7C3F1D3
S31500007F200F0E03F1110900FA09F922FA0EF242EADC
S31500007F300902AEF1200920FA09F942EA090220FAFB
S31500007F400EFE013204FA03F34EF1000012E702F4CA
S31500007F50801203F400131A4308BFC0F58010D6E65A
S31500007F60631EA51E5B086D08013B2D0245EA03153D
S31500007F7040F2CF422B210020FCF7D0FD8CE740F2E7
S31500007F80F2422B21FCF7CAFD2246013A94E7154836
S31500007F9072E66FF01F0500287FF47EAFE8E74079B0
S31500007FA040F26252003818BF01203D21FCF7B6FDB1
S31500007FB0207940F2635200384FF03D0118BF01208E
S31500007FC0FCF7ACFD237962791B0243EA0213C8F879
S31500007FD00C300AE7023A013B52081D0145EA022528
S31500007FE05AE700BFD694BFD610B5044686B059B935
S31500007FF0214B4168D3F8FC30827A2048059300680B
S315000080006B46FFF7D5FD69461D4B0A685A631A4B46
S31500008010D3F8FC3033B34B6843B11A4B1A4AC3F852
S315000080200C214A68A3F58053C3F80C218B6843B131
S31500008030144B164AC3F8EC208A68A3F58053C3F89C
S31500008040EC20134AC868D2F8743123F4EE63034374
S31500008050C2F87431D2F86C31096923F4EE630B432C
S31500008060C2F86C31002022890A4B9A6203F5A033CC
S31500008070186406B010BD00BF004F00B058210020A4
S31500008080008001B8006001B8FFFF0F00FFF8FF0F86
S31500008090000002B8004000B8064B9A6E920607D55B
S315000080A05B6E002B4FF48043B4BF034A034AD3648C
S315000080B00020704700800050002002B8001002B86F
S315000080C010B590B10468012C0FD902696AB1116824
S315000080D0094B102C196051685960916888BFD268A5
S315000080E0996094BFD960DA6010BD10220021024861
S315000080F003F02AF8F8E700BF10240020084BC11748
S315000081001A68A2FB000302FB013310F1807043F1F1
S315000081100003400E40EAC310803820EAE070704742
S31500008120202400200722194B70B5DA63184B194A30
S315000081301E68194BF408E005C0184FEA163141F1E4
S3150000814000010023FAF7CAFD144B154D18601548B7
S31500008150FFF7D4FF4042C5F8DC0049F65800FFF7A8
S31500008160CDFFC5F8A8001048FFF7C4F8024660B175
S31500008170E301500818184FEA16714FF0000341F159
S315000081800001FAF7ABFDC5F8B40070BD000002B8F7
S31500008190A023002065CD1D00B2E60E00202400209D
S315000081A0003F00B07011010040420F0010B50446B8
S315000081B098B10B4BD3F8FC00FFF782FF4FF47A73AC
S315000081C003FB04F0074BA0F57A60DA689B6810445D
S315000081D0C01ABDE81040FFF791BF49F64040F8E7E6
S315000081E0004F00B0102400202DE9F0410546084656
S315000081F014461E46FFF764FF002D00F081807207CB
S315000082006BD5286900287DD04FF47A735843454BC7
S31500008210A0F57A609B68C01AFFF770FFA062A88B72
S31500008220002872D04FF47A7358433E4BA0F57A601B
S315000082309B68C01AFFF762FFE0613B4BE9681F6865
S31500008240002965D04FF47A735943364BA1F57A610C
S315000082509A685B68891AC91A344BC8171A68DFF816
S31500008260D480A2FB011302FB003311F1807143F1AC
S315000082700003490E41EAC31180392D4B2162D3F820
S31500008280C4306362D8F8003053B1384603F0D2FDEB
S3150000829030B12246D8F800302249D7F8E400984792
S315000082A00021A869FFF782FF6063A86898B34FF4BE
S315000082B07A735843A0F5FA50FFF720FF60612868EB
S315000082C040B14FF47A72174B1B6803F51C531033F9
S315000082D002FB0030FFF712FFA061B30710D5284656
S315000082E000F06CF820636B69C3B10E4AD0684FF496
S315000082F07A7202FB0300A0F5FA50FFF7FFFEE06278
S31500008300BDE8F08149F6404086E749F6404091E7EE
S3150000831049F64041A0E747F23050CDE747F23050EA
S31500008320EBE700BF10240020582100202024002065
S31500008330003F00B00C24002070B5064608461C46D7
S3150000834003F038FE0546D6F8F00000F011F8436851
S31500008350054A002BA8BF4FF4FA721A44034B601962
S3150000836092FBF3F2104470BD0CFEFFFF18FCFFFFFA
S3150000837040B10368012B05D90069034B002808BFEB
S315000083801846704700487047A4CA000028B109483B
S3150000839081420CBF2F20BC207047074A536E506A9B
S315000083A0C3F301111B0C01FB033300F01F00013066
S315000083B01844704748E80100004001B8406840B1E1
S315000083C04FF47A72044B1B6803F51C53103302FBFF
S315000083D00030FFF793BE00BF1024002070B588B0B0
S315000083E06D46124C0FCC0FC594E80F0085E80F00C0
S315000083F0D82200210E4802F0A7FEB02200210D4827
S3150000840002F0A2FE202200210B4802F09DFE03F09E
S31500008410FEFE0A4B1B783BB16D46044E0FCD0FC6D0
S3150000842095E80F0084E80F0008B070BDE03F00B08B
S31500008430783E00B0503F00B0E04F00B06F240020FF
S31500008440064BD3F8EC0E064B5B6C1A0103D4054BB6
S315000084509B6E1B0401D500F580707047003000B09C
S31500008460000002B8004000B810B504F03CF80E2138
S3150000847004460320FFF712FA40F20122034B20467E
S31500008480BDE81040DA6204F029B800BF004000B829
S31500008490012370B5074C2370074B1E68074B32400B
S315000084A0D3E9005319402840FCF7E0FE002323706F
S315000084B070BD00BF85240020282400203012002033
S315000084C0024B1879C0F3C000704700BF301200207D
S315000084D010B50446FFF756F800F0FCFE2046FDF7FF
S315000084E0C3FEFEF7D7FFFEF717FDFEF78DFDFFF77C
S315000084F019FE15490723154AD1F8FC1004F58270B8
S31500008500FFF772FE4FF080710020FEF713FF4FF069
S3150000851000720F4B4FF400110120C3F80021FEF743
S3150000852009FFFFF765FA20B940F221121421FCF782
S31500008530F5FA03F06AFE0120FEF744FCBDE81040A0
S31500008540002003F08BBE00BF004F00B0A43F00B078
S3150000855000D001B88023074A1364082340B113648E
S31500008560054AD2F8C43E23F02003C2F8C43E704741
S31500008570024AF4E7001002B8003000B0002002B84A
S3150000858010B503F0B0FF012104460020FFF7E2FF1B
S31500008590044B1961044B5B6898472046BDE81040C0
S315000085A003F09CBF000002B8A0240020F0B583B001
S315000085B014460646FFF770FDFCF7E2FF00285CD084
S315000085C0584B5D6915F0060557D103F08CFF2379EA
S315000085D00095022B054654D1237B022B32D0032073
S315000085E0FEF736FE20B9504BDB685B0440F1928003
S315000085F0A37B277B003B18BF0123A2684B49012FB1
S3150000860001920B707BD000F057FE0420FEF71CFD94
S315000086100420444E0223716F3A4621F0F85121F4AA
S31500008620F81141F0506141F4803171670DEB0001A2
S31500008630FEF728FD0446B0B1012030223C493D4BEF
S315000086400870DA643C4E336898472128044604D102
S3150000865001210020736898470024284603F03EFF56
S31500008660204603B0F0BD0320FEF7EEFC2846334A51
S31500008670334B72671C7003F031FF0E24204603B0A3
S31500008680F0BD0320FEF7E4FD002843D12179D6F89A
S315000086900C31012922682FD0D01A0027214B274AF6
S315000086A000905A679F67637B264823F04007002F98
S315000086B0C3F3801303700CBF012300232249234A0E
S315000086C00B70D2F8C43E214A0CBF43F0200323F0BE
S315000086D02003C2F8C43E0320FEF7B6FC114B1C4A29
S315000086E003205A67694601232279FEF7CBFC98B12D
S315000086F00122134B1A706FE79342CED8CCE7237949
S31500008700022B80D0009BD6F80C1100270B44134493
S31500008710019378E72846AEE7284603F0DFFE2124DA
S31500008720ACE700BF00C001B8000002B884240020F6
S3150000873087240020001002B8A024002000000101B8
S31500008740812400208224002083240020003000B0F1
S31500008750010C0100F7B50D460024074603F0C3FEE1
S315000087601E4B064620461C70FFF7F4FE1C4B1D4AA6
S315000087705A679C676879431E58425841FCF75AFD70
S3150000878040F60142164B9A672A792968012AD7F8DA
S31500008790143101D1994200D3CC1A042303200DEBE6
S315000087A003010194FEF76EFC48B988220E4B304651
S315000087B01A6403F093FE2124204603B0F0BD0B4D4E
S315000087C02B6898472128044604D1012100206B68B4
S315000087D098470024304603F081FEEDE7812400200F
S315000087E000C001B800000101002002B8A02400204A
S315000087F038B5164C054620784FF42072B0FA80F052
S315000088003E214009FCF78AF955B14FF44062104BFE
S31500008810D3F80431C3F3812323700E4BC3F804212C
S3150000882060784FF42072B0FA80F03E214009FCF7E0
S3150000883075F955B14FF44062054BD3F80831C3F3CF
S3150000884081236370034BC3F8082138BD7E240020C2
S31500008850004000B8006000B8A82238B51B4B1D6C5C
S3150000886003F500531A6410229A60A3F5804302F1BF
S3150000887000521A675A6600F0A3FF154B1B7813B90E
S315000088800320FEF7E1FB0024124B9C6700F0BEFFBD
S31500008890114A124BD2F8EC1E0B40C2F8EC3E0422F1
S315000088A00F4B1A640F4BAA06C3F8CC4008D503F544
S315000088B080735B6FB3F5817F22BF8022034B1A6101
S315000088C0FDF738FA0022084B1A7038BD000002B8CE
S315000088D08124002000C001B8003000B0DF0000FF96
S315000088E0002002B8003E00B0802400200D4A10B5DA
S315000088F0D2F8A030D2F8A4100B40B3F1804F0CD3BD
S315000089004FF040400849094CC1F8A400D467C1F8AB
S31500008910A0004FF48021064AD161034AC2F8A03074
S3150000892010BD00BF00400050006000500000FF0175
S31500008930001002B89E4B2DE9F04F9F6EDB6E87B09C
S315000089401F409C4B9F664FF03A43D3F81461D3F80F
S3150000895018311E40984BC3F81461984BD3F808227F
S31500008960D3F80C3202EA0309954BC3F8089203F5D3
S315000089702043DA691B6A02EA0308924B08F477027D
S31500008980DA61914BD3F80422D50605D4D3F8045105
S3150000899015F0100500F0E58003F0A5FD8B4B5A6934
S315000089A05D6E02F0060ABAF1000218BF01221B6FC3
S315000089B001921D40864A25F0007323F400636C077C
S315000089C0536606D5834A92F88D300133DBB282F8BE
S315000089D08D3003F083FD002F00F0E68017F400438E
S315000089E000F0D18003F07FFD0146FFF729FD044624
S315000089F0794BD3F800B0DBF80020DBF800309A4260
S31500008A00FBD0DBF800209A42FBD0FFF719FDA0420D
S31500008A1040F0A980084603F061FD704B1C60704B66
S31500008A20D3F840B01BF4E05A40F09F8024F07F4416
S31500008A3024F0DF040CB9FFF70FFF4FF0807B002412
S31500008A40B80713D5664A5F48126C02F460410164A8
S31500008A50002900F0A080110400F1A080920440F1EA
S31500008A60A0804FF0006200244BEA020BC7F34037A8
S31500008A707F005C4A3240002A4BD016F4206F0AD0A1
S31500008A8040F2C95206210020FCF748F8002000F009
S31500008A9019FF26F48026F30506D5FF21494A4BF433
S31500008AA0C06B9160FFF7E0FC16F0090F0BD040F2A7
S31500008AB0DE5208210020FCF731F800F0F7FE4FF0F7
S31500008AC03A420121516316F0106F0CD040F2E75282
S31500008AD009210020FCF722F800F0E8FE00221146EA
S31500008AE01046FDF7C3FC16F4202F0AD040F2EF52D1
S31500008AF007210020FCF712F8002000F0E3FE26F420
S31500008B008026F00301D5FDF7FBFD002EB8BF47F028
S31500008B10080771070ED54FF03A42126B12F4005F48
S31500008B204FF4005217BF24492F490A634BF4000B38
S31500008B3008BF0A63720548BF4BF0040B16F4802386
S31500008B40029300F0BB80FDF793FD013806284DD84F
S31500008B50DFE810F077017A0177017D01800183015A
S31500008B608301019537E7044645E7FFF775FE154B88
S31500008B701BF48052C3F840A007D11BF4806407D0D1
S31500008B804FF0806B5BE79B4659E74FF0804B56E70B
S31500008B904FF0805B54E74FF0007264E74FF00042FD
S31500008BA061E74FF000525EE7BB463C4661E700BF17
S31500008BB0004000B8006000B8002000BA004001B8CC
S31500008BC0006001B8002002B800E100E000C001B872
S31500008BD000E001B8003E00B04CCA0000242400208A
S31500008BE0000002B8090B0B89001000BA4FF4C462EA
S31500008BF003210020FBF792FF4FF03A400121D0F805
S31500008C008C20D0F8AC3002F00702063201FA02F2EC
S31500008C10C3F30C0CA2EB0C0292B2072A12D9994AA2
S31500008C20126C53020ED4984BC26CC06E5B6D5BB176
S31500008C3002F0070206329140C0F30C00091A89B20D
S31500008C40092901D84BF4007B904A1278002A35D0C6
S31500008C504FF03A42D2F8142112F4A02F2ED18C4AAA
S31500008C60DFF864A2127882B9EA040ED49AF80020DA
S31500008C705AB18848CBF3C002D0F8EC0E82F001025C
S31500008C80520020FA02F2930718D10420FEF7DCF90D
S31500008C90814A8248506700F00FFB9AF800204AB9D3
S31500008CA07F4A127832B17F4A7F4912680BEA020284
S31500008CB00A4201D14BF4804B25F48055B9F1000FDF
S31500008CC02BD019F4805F18BF4BF4802B19F4807FEA
S31500008CD018BF4BF4002B19F4005F18BF4BF0100BB4
S31500008CE019F4007F18BF4BF0200B19F4806F08D0E1
S31500008CF04FF480616D4A4BF0400BC2F80C12C2F87B
S31500008D00081219F4006F08D04FF40061674A4BF05F
S31500008D10800BC2F80C12C2F80812B8F1000F39D055
S31500008D2018F4802F18BF44F4007418F4803F18BF5D
S31500008D304BF4805B18F4801F18BF4BF4003B18F40B
S31500008D40001F18BF4BF0020B18F4003F18BF4BF47E
S31500008D50801B18F4800F18BF44F0100418F4002F7D
S31500008D6018D04C4AD2F8C42E12F0C00F12D0454A81
S31500008D70D16801F03061B1F1407F05D1516CC80670
S31500008D8002D4926C11076BD54FF40021484A28F49F
S31500008D900028D161002D00F04E812A051FD54548D7
S31500008DA0DFF8F4A090F80390434AB9F1000F00F001
S31500008DB08D804FF4006309F1FF3953665FFA89F23B
S31500008DC0C2703AB93D4A1278002A4CD040F60141A9
S31500008DD03B4A516700210A464BEA010B1443AB009C
S31500008DE009D52E20FEF774F84FF00051324A44F0B0
S31500008DF0080411675166E80608D52B20FEF768F8C7
S31500008E0010212D4A44F400141167516615F0306F95
S31500008E1040F0A480E90440F1FB80019B002B40F068
S31500008E20DD8024490A79002A00F04081013AD2B255
S31500008E300A7112B9224A2349516700224BEA020BF2
S31500008E40E6E04BF4803BD7E64BF4006BD4E64BF4FC
S31500008E50806BD1E64BF4807BCEE64BF0080BCBE67D
S31500008E604BF4001B96E7DAF8782012F4A05F15BFE2
S31500008E704FF4807240F60142CAF85820CAF87820AA
S31500008E80A8E700BF000002B8004000B88724002011
S31500008E9086240020003000B000C001B800000101A7
S31500008EA08224002030120020088D0100006001B8E5
S31500008EB0002002B87424002000E001B881240020BC
S31500008EC000D001B80000010D832400200320FEF726
S31500008ED0BBF84FF40060994A5066DAF8140010F0B7
S31500008EE0060026D04846FEF7BDF9DAF86400DAF83F
S31500008EF07010924A014011F0100F1FD010212D2042
S31500008F0011675166FDF7E4FF4FF400198C488D494F
S31500008F10B0F88A2012F4006F1CD022F40062A0F888
S31500008F208A200A7802F0FF015AB14FF400414A46FE
S31500008F3052E741F61F735367CAF878004FF00009ED
S31500008F40E4E70391FEF702FAFFF786FC039949F07E
S31500008F50200241E70A784FF40051E8E72A0117D5C5
S31500008F602920FDF7B5FF784A7849D26802F480498E
S31500008F70C2F380320A70FFF7A3FA38B1744A6F4918
S31500008F8074484A660267B9F1000F1AD144F0040426
S31500008F90AB0123D50420FEF757F82720FDF798FFED
S31500008FA0FFF75AFC4FF00071644A51666A4AD2F8DC
S31500008FB0EC1E490674D4694A0221916044F0020409
S31500008FC023E00A6720204A66FDF782FF44F4001476
S31500008FD02D2044F00C04FDF77BFFD9E715F0807FC8
S31500008FE0DFF87C9147D00420FEF72EF82820FDF705
S31500008FF06FFFD9F87820002A39D1FFF72DFC4F4AA8
S31500009000534944F00104116751660021544A9165A1
S315000090102A0405D5534A126890474BEA000B0C43C5
S315000090206B0508D550498A78002A00F08180013AFC
S315000090308A70002217433A4658462146FFF728FA17
S31500009040029B0BB1FDF74AFB0122484B06F00436A2
S31500009050C3F81461464B18F4002FC3F884211EBFD1
S315000090604FF400223D4BDA6107B0BDE8F08F0022D5
S31500009070C9F87820C3E7E804C7D50420FDF7E4FF64
S315000090803C4AC9F87420FEF761F9D9F8642012F059
S31500009090407FBAD12A20FDF71BFFFFF7DDFB85E7EE
S315000090A0D2F8C42E930689D4334A85E70420FDF707
S315000090B0CBFF0320FDF7C8FF294A2E49516703F06D
S315000090C012FA81460DF11700FEF758FC2B4A82462C
S315000090D012780AB1FFF7C8F9BAF1030F0ED1DFF81B
S315000090E068A00020FEF74AFC032807D1DAF82820FA
S315000090F0D007F6D4DAF84420D103F2D49DF817202D
S31500009100032A06D101211E4A4846117003F0E6F9EA
S3150000911093E64FF03A42D2F8142112F4A02FF1D17F
S3150000912000F0CAF8484603F0D9F94FF4804285E6C4
S315000091300220FDF789FF01227CE700BF00E001B8AD
S31500009140003E00B081240020000002B880240020E8
S315000091501000002000D001B8003000B0002002B896
S3150000916000C001B8B424002074240020002000BAF6
S3150000917000E100E000000101001002B88424002094
S31500009180862400200122024B1A62DA61704700BF72
S31500009190002002B8094A08B5D369116A0B4008498C
S315000091A023F47F00DB07C86106D5D1684FF0FF3096
S315000091B0C1F3036103F034F808BD00BF000002B834
S315000091C0002002B80C4A08B5536C926C13400B4A47
S315000091D05364DB070FD50A4B40F67A021878122142
S315000091E000F00100FBF79AFCBDE8084000220120D0
S315000091F00021FFF74DB908BD00C000B800E000B877
S315000092003012002038B50B4C0B4DD4F88430DB07F8
S3150000921006D4A36FD4F884201340084A936738BD58
S31500009220D5F804311A06F0D500F0CCFC8023C5F839
S315000092308431EAE7008001B800E100E000A001B84F
S3150000924008B503F050F90E4B1A78A2B90D4A126808
S3150000925012F4843F0FD10C4A1021D1641B7863B9F4
S31500009260084B1B68DB0508D4074B2022DA64BDE8EF
S31500009270084003F033B9054AEEE7044BF5E700BFB3
S315000092808724002030120020002002B8001002B807
S3150000929010B503F028F90E2104460320FEF7FEFA66
S315000092A040F20122034B2046BDE81040DA6203F08B
S315000092B015B900BF004000B80022044B1A70044BD9
S315000092C0197811B11A70FFF7BBBF704786240020CA
S315000092D08724002038B503F006F94FF00043244CEC
S315000092E00546C4F88030BFF34F8FBFF36F8F01235D
S315000092F0C4F88430BFF34F8FBFF36F8F0223C4F8D7
S315000093008430BFF34F8FBFF36F8F0423C4F88430CC
S31500009310BFF34F8FBFF36F8F0823C4F88430BFF3BA
S315000093204F8FBFF36F8FFEF791FB1023C4F8843085
S31500009330BFF34F8FBFF36F8F2023C4F88430BFF382
S315000093404F8FBFF36F8F4023C4F88430BFF34F8F26
S31500009350BFF36F8F4FF48063C4F88430BFF34F8F31
S31500009360BFF36F8F2846BDE8384003F0B7B800BF9B
S3150000937000E100E038B503F0B6F805464FF00043CB
S315000093800A4C23600123636004236360082363603F
S31500009390FEF754FB10236360202363604023636061
S315000093A02846BDE8384003F099B800BF00E100E068
S315000093B02DE9F047DDF820A003EA0108099B0646DF
S315000093C00D4602EA000703EA0A09BAF1000F40F067
S315000093D06C81031F0B4300F02C81052871F10003FB
S315000093E080F0028150EA010300F0D781431E0B434F
S315000093F000F04281FFF76EFFC04AD2E9004323EA3C
S31500009400050324EA06043C4343EA0807BC4BC2E9C9
S3150000941000471E6826EA0A0646EA09061E60FFF7A6
S315000094200FFF14F02A4F0CBF4FF4004348F202031B
S31500009430B44AB507D26EB44848BF43F4005383EA32
S31500009440020122EA0302C266B04A0B408166D36675
S31500009450C4F380421203200348BF42F48072E1063F
S3150000946048BF42F40052AA49A30648BF42F400721C
S3150000947014F0400FD1F88830A64800F035815D051C
S3150000948006D44FF480652B43C0F80852C1F88830E3
S3150000949014F0800FD1F888309E4800F061811D05D8
S315000094A006D44FF400652B43C0F80852C1F8883043
S315000094B0994B9848D3F80C3217F4007F82EA0301DF
S315000094C023EA0203C0F80C32944B02EA0102C0F808
S315000094D00812C3F80C228E4B07F4007200F0498183
S315000094E001224FF4802583F88420E30448BF45F425
S315000094F08035A00348BF45F48015A10748BF45F451
S31500009500001514F4001FDFF8508206D0D8F80000CA
S3150000951002F0A2FE08B945F40025E20248BF45F470
S315000095200035FB067E4B48BF45F480051A6A7D4927
S3150000953085EA020323F001031A400A621D40CB614B
S31500009540794B16F0010F1D62784B794A08BF1A460F
S31500009550784B7D071B6F48BF42F00062764882EA6F
S31500009560030123EA02030367744B0A4041661A6744
S31500009570734A04F00103916CA0F5803081EA03027E
S3150000958021EA0301816442641A406E4B20029A6408
S31500009590D8F8002048BF6C4B92F8022158BF6B4B9D
S315000095A0610748BF43F4806322B114F4C06F18BF4B
S315000095B043F4807332074FF03A42BDE8F047D2F8E1
S315000095C0181148BF43F0004383EA010222F4A022A7
S315000095D05F481140C0F818111340C0F814215D4AC5
S315000095E0C2F81831FFF7C6BEA0F580630B4306D05C
S315000095F020F48063A3F500730B437FF4FBAE02F007
S3150000960072FF3E49D1E9003223EA060322EA050247
S3150000961042EA08023B43C1E900324F4A126892F817
S3150000962002114B4A09B313F4C06F1ED04FF4807376
S3150000963011E002F058FF314AD2E9003123F0040369
S315000096403B4341EA080157EA0807C2E900314FF4F3
S3150000965080633F4A0BD0C2F81431A2F58052C2F89B
S315000096601831BDE8F04702F039BF4FF48073C2F8F5
S315000096701831C2F81431F4E702F035FF1F4AD2E977
S31500009680003123F001033B4341EA0801C2E90031FE
S315000096900123324A57EA08071BBF5364A2F58052DA
S315000096A09364936408BF5364DBE750EA01037FF4D5
S315000096B0A1AEBAF1010F7FF49DAE02F014FF104A7D
S315000096C0136823F0010343EA090313604FF4806330
S315000096D0194AB9F1000F04D05366A2F580521367F8
S315000096E0BFE713675366BCE723F48063C1F888308D
S315000096F04FF48063C0F80832CAE600BF301200207B
S3150000970028240020004000B8006000B8005000B8CF
S31500009710003F00B0006001B8004001B8005001B839
S31500009720000002B8002002B8001002B804180003B6
S31500009730041C000300C001B800E001B800D001B865
S3150000974000C000B800D000B80D0A0A09090A0A09C3
S31500009750002000BA001000BA5821002000E000B82E
S3150000976023F40063C1F888304FF40063C0F8083270
S315000097709EE693F8841071B183F88420084BD3F8E1
S31500009780A41003F50053C3F8A410C3F8A0104FF0BB
S315000097905023C3F8A4200025A7E6BDE8F08700BF44
S315000097A000400050024B186800F00100704700BFEF
S315000097B030120020014B5879C00970473012002042
S315000097C00A4B197801F0FF0229B1002119700849E6
S315000097D09202C1F80421597801F0FF0229B1002153
S315000097E059709302024AC2F8083170477E2400205D
S315000097F0005000B84FF40062034B1A644FF4004265
S31500009800A3F5E0339A667047001002B8F8B5084C25
S31500009810084D236C0423084F2B64236C5B0300D490
S31500009820F8BD042602203E6402F0A8FB2E64F4E78D
S31500009830000002B8001002B8002002B838B504468D
S3150000984071B940B1154BDB6813F0606F04D04FF46B
S31500009850C062134BDA6238BD124B1B6CD907F6D4C3
S31500009860FFF716FD0D4D0020FEF788F8032801D0FE
S31500009870092805D1AB6ADA07F5D46B6CDB03F2D4A1
S31500009880FFF7C4FF0122084B5A6102229A620422A2
S3150000989003F580531A64002CDDD0D8E7000002B827
S315000098A0006001B800C002B8001002B808B5032174
S315000098B00920FDF7F3FF2022014B1A6108BD00BF06
S315000098C0000002B838B5054602F00DFE0E4B044600
S315000098D01868FCF7F7FD35B1FFF7EEFC2046BDE84A
S315000098E0384002F0FBBD094B1B78002BF6D0084B25
S315000098F01D78002DF2D1FFF7DFFC2A464FF4804099
S315000099000021FEF7C5FDE9E7582100208624002046
S31500009910852400202DE9F84F5A4B07460E4615467A
S315000099201C6C002A40F0A98004F0A004003C18BF7B
S315000099300124FCF7FFF9A0234FF0000A524A032046
S315000099401364FDF781FB0420FDF77EFBDFF87081D1
S31500009950FFF7B2FC4D4B4FF0040BC8F87430C8F853
S3150000996078A0FFF753FF4A4B474AD3F8C41EDFF8E7
S31500009970149141F02001C3F8C41EFF2191604FF4F9
S315000099808071C9F81010D3F8EC1E42480840C3F89D
S31500009990EC0EC2F840B0C3F8CCAED8F8143013F0D1
S315000099A0060F04D0FDF7D2FC5846FDF74DFB0CB16F
S315000099B0FFF720FF47B1FFF76BFCFFF777FF0420A7
S315000099C0FDF742FBFFF7FCFED9F81430D90752D554
S315000099D02C4AD36813F0706FFBD12B4B2E4A1A64B6
S315000099E02E4A536E23F0F003536616B12846FFF74E
S315000099F069FF2B4BD3F84C315A1C05D05B0003D4BE
S31500009A00284B1B78012B3AD801221F4B5A61002D97
S31500009A1031D0254B2149DA6E03F500539A6603F5DA
S31500009A20D0331B6A184A23F00103D3611F4BD1F8C8
S31500009A308800D3F80C321E490343C1F808321D4B87
S31500009A40C1F80C02D3F8841003F5005399674FF060
S31500009A503A43D3F8181103F50053C3F81411164B03
S31500009A60996C03F500535964144903F5803359661C
S31500009A704FF608431364BDE8F88F002459E7082B16
S31500009A80C5D1C1E7000002B8002002B800000101FC
S31500009A90003000B0DF0000FF10003000003F00B0D3
S31500009AA00080E00FDA240020004000B8004001B832
S31500009AB0006001B8008001B800C000B85000002F57
S31500009AC000C001B8034BD3F8C43E99430CBF012034
S31500009AD000207047003000B0214B10B4D3F8C43ECC
S31500009AE013F0010422D01F4B93F848401E4B44F05C
S31500009AF08072C3F8CC204FF480121C49C1F8B42000
S31500009B00A1F58051C1F8B820D3F80C313C21DBB265
S31500009B10A3F1FF02504250419C4288BF40F0010031
S31500009B204FF4AB625DF8044BFAF7F8BF1A06DDD4C2
S31500009B300F4A92F8471121B1D90602D592F844414D
S31500009B40D4E74FF480120020084B0749C3F8B82029
S31500009B505DF8044BC1F8CC00C3F8B420704700BFD1
S31500009B60003000B0003F00B0004000B8006000B810
S31500009B70003E00B070B5FDF791FB04460D46094E58
S31500009B80D6F8F433DB060BD5FDF788FB02460B4609
S31500009B9020462946FDF746FA652871F10001EFD304
S31500009BA070BD00BF000002B80222054B1A64A3F57F
S31500009BB000535B68DBB20BB9FFF7DCBF704700BF31
S31500009BC000A002B80C4B10B51C6C5A6C14400B4A22
S31500009BD024F002011164E20705D540F2BD1200200F
S31500009BE01968FAF79BFFA30704D5BDE810400248A1
S31500009BF0FFF7DABF10BD00BF008002B800A002B8B0
S31500009C0081F0004102E000BF83F0004330B54FEA27
S31500009C1041044FEA430594EA050F08BF90EA020F94
S31500009C201FBF54EA000C55EA020C7FEA645C7FEA27
S31500009C30655C00F0E2804FEA5454D4EB5555B8BF4A
S31500009C406D420CDD2C4480EA020281EA030382EABB
S31500009C50000083EA010180EA020281EA0303362D4D
S31500009C6088BF30BD11F0004F4FEA01314FF4801C20
S31500009C704CEA113102D0404261EB410113F0004F32
S31500009C804FEA03334CEA133302D0524263EB4303E9
S31500009C9094EA050F00F0A780A4F10104D5F1200E87
S31500009CA00DDB02FA0EFC22FA05F2801841F10001E2
S31500009CB003FA0EF2801843FA05F359410EE0A5F1B6
S31500009CC020050EF1200E012A03FA0EFC28BF4CF0E7
S31500009CD0020C43FA05F3C01851EBE37101F000459D
S31500009CE007D54FF0000EDCF1000C7EEB00006EEBAA
S31500009CF00101B1F5801F1BD3B1F5001F0CD3490834
S31500009D005FEA30004FEA3C0C04F101044FEA44528A
S31500009D1012F5800F80F09A80BCF1004F08BF5FEA11
S31500009D20500C50F1000041EB045141EA050130BDF1
S31500009D305FEA4C0C404141EB0101013C28BFB1F503
S31500009D40801FE9D291F0000F04BF01460020B1FA4E
S31500009D5081F308BF2033A3F10B03B3F120020CDA21
S31500009D600C3208DD02F1140CC2F10C0201FA0CF0FF
S31500009D7021FA02F10CE002F11402D8BFC2F1200C64
S31500009D8001FA02F120FA0CFCDCBF41EA0C0190401A
S31500009D90E41AA2BF01EB0451294330BD6FEA040463
S31500009DA01F3C1CDA0C340EDC04F11404C4F120024E
S31500009DB020FA04F001FA02F340EA030021FA04F360
S31500009DC045EA030130BDC4F10C04C4F1200220FAB7
S31500009DD002F001FA04F340EA0300294630BD21FAF5
S31500009DE004F0294630BD94F0000F83F4801306BFBB
S31500009DF081F480110134013D4EE77FEA645C18BFAF
S31500009E007FEA655C29D094EA050F08BF90EA020F45
S31500009E1005D054EA000C04BF1946104630BD91EA3D
S31500009E20030F1EBF0021002030BD5FEA545C05D140
S31500009E304000494128BF41F0004130BD14F580047F
S31500009E403CBF01F5801130BD01F0004545F0FE41F3
S31500009E5041F470014FF0000030BD7FEA645C1ABF28
S31500009E60194610467FEA655C1CBF0B46024650EA5F
S31500009E70013406BF52EA033591EA030F41F400218B
S31500009E8030BD00BF90F0000F04BF0021704730B511
S31500009E904FF4806404F132044FF000054FF00001E6
S31500009EA050E700BF90F0000F04BF0021704730B5A7
S31500009EB04FF4806404F1320410F0004548BF40427C
S31500009EC04FF000013EE700BF42004FEAE2014FEAD1
S31500009ED031014FEA02701FBF12F07F4393F07F4FAC
S31500009EE081F06051704732F07F4208BF704793F0AF
S31500009EF07F4F04BF41F40021704730B54FF46074C2
S31500009F0001F0004521F000411CE700BF50EA0102C4
S31500009F1008BF704730B54FF000050AE050EA01026D
S31500009F2008BF704730B511F0004502D5404261EBDD
S31500009F3041014FF4806404F132045FEA915C3FF41E
S31500009F40D8AE4FF003025FEADC0C18BF03325FEABB
S31500009F50DC0C18BF033202EBDC02C2F1200300FA6C
S31500009F6003FC20FA02F001FA03FE40EA0E0021FA91
S31500009F7002F11444BDE600BF70B54FF0FF0C4CF47F
S31500009F80E06C1CEA11541DBF1CEA135594EA0C0F31
S31500009F9095EA0C0F00F0DEF82C4481EA030621EA6C
S31500009FA04C5123EA4C5350EA013518BF52EA0335A7
S31500009FB041F4801143F4801338D0A0FB02CE4FF059
S31500009FC00005E1FB02E506F00042E0FB03E54FF089
S31500009FD00006E1FB03569CF0000F18BF4EF0010E81
S31500009FE0A4F1FF04B6F5007F64F5407404D25FEA7D
S31500009FF04E0E6D4146EB060642EAC62141EA555130
S3150000A0004FEAC52040EA5E504FEACE2EB4F1FD0C71
S3150000A01088BFBCF5E06F1ED8BEF1004F08BF5FEAEF
S3150000A020500E50F1000041EB045170BD06F00046A1
S3150000A03046EA010140EA020081EA0301B4EB5C044E
S3150000A040C2BFD4EB0C0541EA045170BD41F4801146
S3150000A0504FF0000E013C00F3AB8014F1360FDEBF6B
S3150000A060002001F0004170BDC4F10004203C35DA47
S3150000A0700C341BDC04F11404C4F1200500FA05F3CA
S3150000A08020FA04F001FA05F240EA020001F000426B
S3150000A09021F0004110EBD37021FA04F642EB0601E1
S3150000A0A05EEA430E08BF20EAD37070BDC4F10C040B
S3150000A0B0C4F1200500FA04F320FA05F001FA04F2CF
S3150000A0C040EA020001F0004110EBD37041F10001BB
S3150000A0D05EEA430E08BF20EAD37070BDC4F12005C6
S3150000A0E000FA05F24EEA020E20FA04F301FA05F22E
S3150000A0F043EA020321FA04F001F0004121FA04F2D6
S3150000A10020EA020000EBD3705EEA430E08BF20EAA5
S3150000A110D37070BD94F0000F0FD101F000464000DF
S3150000A12041EB010111F4801F08BF013CF7D041EA61
S3150000A130060195F0000F18BF704703F00046520065
S3150000A14043EB030313F4801F08BF013DF7D043EA36
S3150000A1500603704794EA0C0F0CEA135518BF95EAEC
S3150000A1600C0F0CD050EA410618BF52EA4306D1D173
S3150000A17081EA030101F000414FF0000070BD50EA92
S3150000A180410606BF1046194652EA430619D094EA1C
S3150000A1900C0F02D150EA013613D195EA0C0F05D106
S3150000A1A052EA03361CBF104619460AD181EA03015A
S3150000A1B001F0004141F0FE4141F470014FF0000012
S3150000A1C070BD41F0FE4141F4780170BD70B54FF0AD
S3150000A1D0FF0C4CF4E06C1CEA11541DBF1CEA13552D
S3150000A1E094EA0C0F95EA0C0F00F0A7F8A4EB05040F
S3150000A1F081EA030E52EA03354FEA013100F0888006
S3150000A2004FEA03334FF0805545EA131343EA1263CE
S3150000A2104FEA022245EA111545EA10654FEA002683
S3150000A2200EF000419D4208BF964244F1FD0404F53C
S3150000A230407402D25B084FEA3202B61A65EB030598
S3150000A2405B084FEA32024FF480104FF4002CB6EB55
S3150000A250020E75EB030E22BFB61A754640EA0C00D5
S3150000A2605B084FEA3202B6EB020E75EB030E22BF15
S3150000A270B61A754640EA5C005B084FEA3202B6EB56
S3150000A280020E75EB030E22BFB61A754640EA9C0015
S3150000A2905B084FEA3202B6EB020E75EB030E22BFE5
S3150000A2A0B61A754640EADC0055EA060E18D04FEAA3
S3150000A2B0051545EA16754FEA06164FEAC30343EA43
S3150000A2C052734FEAC2025FEA1C1CC0D111F4801F10
S3150000A2D00BD141EA00014FF000004FF0004CB6E709
S3150000A2E011F4801F04BF01430020B4F1FD0C88BFA8
S3150000A2F0BCF5E06F3FF6AFAEB5EB030C04BFB6EBB3
S3150000A300020C5FEA500C50F1000041EB045170BDA5
S3150000A3100EF0004E4EEA113114EB5C04C2BFD4EBD2
S3150000A3200C0541EA045170BD41F480114FF0000E56
S3150000A330013C90E645EA060E8DE60CEA135594EAD2
S3150000A3400C0F08BF95EA0C0F3FF43BAF94EA0C0FD5
S3150000A3500AD150EA01347FF434AF95EA0C0F7FF44A
S3150000A36025AF104619462CE795EA0C0F06D152EA9E
S3150000A37003353FF4FDAE1046194622E750EA410682
S3150000A38018BF52EA43067FF4C5AE50EA41047FF493
S3150000A3900DAF52EA43057FF4EBAE12E74A0011D245
S3150000A3A012F5001211D20DD56FF47873B3EB625229
S3150000A3B00ED44FEAC12343F0004343EA505323FA35
S3150000A3C002F070474FF00000704750EA013002D1AA
S3150000A3D04FF0FF3070474FF00000704708B501217D
S3150000A3E0212000F0DCFB0121222000F0D8FB012116
S3150000A3F0262000F0D4FB0121252000F0D0FB01210E
S3150000A400232000F0CCFB0121202000F0C8FBBDE892
S3150000A41008400121242000F0C2BBF6F741B8F6F748
S3150000A4204DB8704700F05FB8002307B501A8019347
S3150000A43000F05DF800B1019803B05DF804FBC0F3CD
S3150000A4400C032DE9F04104460F4616460BB9F6F704
S3150000A4509DFA04F500556FF30C0504EB0608A845B4
S3150000A46007D8324639462046BDE8F0410223F6F7C2
S3150000A4709BBA2846F6F78AFA05F50055EFE770B459
S3150000A4800025AD6A03462E69864206D86C691344D8
S3150000A4909C4202D370BCFFF7D2BF70BC7047B0F5C8
S3150000A4A0CC2F70B50D46144615D2C0F5CC23934279
S3150000A4B000F5C0360FD338B9836A5A69B2F5C03F82
S3150000A4C002D91869F6F762FA224629463046BDE8EF
S3150000A4D07040FFF7B4BF70BD006900F0FE00B0FA2F
S3150000A4E080F04009704700239B6A9868704738B52A
S3150000A4F000239B6A04461B695D6B2846F6F764F8E1
S3150000A50008B12B6A236038BD08B500F005FAB0FA29
S3150000A51080F0400908BD4FF0FF3313B5044601A88B
S3150000A5200193FFF7F1FF20B1019BA3422CBF00204E
S3150000A530012002B010BD4FF4C030704700207047B4
S3150000A5400020704703461846016881F3088881F3A6
S3150000A550098840688746FEE74FF4017000F06EB840
S3150000A560B1F5067F10B504460FD34FF406720021ED
S3150000A57000F0EAFD04F5D07204F5AC7104F12C008C
S3150000A5800023BDE81040F6F7D9BA40F2052010BD09
S3150000A59013B50446009101462C30F6F709FBC4F8C2
S3150000A5A0140218B141F20703984204D1A37823B1EB
S3150000A5B0E07800F2022002B010BD40F20120FAE776
S3150000A5C02DE9F04387B00DF1080904460E461746FB
S3150000A5D00021102248461D46DDF8388000F0B4FD03
S3150000A5E000211C22C8F80010284600F0ADFD3246B6
S3150000A5F03B462146CDF8009004F12C00F6F7D8FA38
S3150000A60023789A0744BF6268C8F80020DB0709D59B
S3150000A61004F1080304F1240253F8041B934245F89D
S3150000A620041BF9D1237840F20640002B18BF002006
S3150000A63007B0BDE8F0834FF40670704708B5F6F72B
S3150000A64083F9BDE8084000F0A8BA70B5D1E9015316
S3150000A650AB4218D290F840202A44D21A402A12D887
S3150000A6600A6890F84040D65C90F8412001332244B5
S3150000A67002F03F0201349D4286548B6080F84040D0
S3150000A680EED1012070BD0020FCE72DE9F84390F8DB
S3150000A69040C017469E46D1E90123089DD21A62445E
S3150000A6A0954204460E469DF824909DF828800AD9C6
S3150000A6B0FFF7CBFF00286AD1132341F2020084F88A
S3150000A6C04630BDE8F883754558D80023BCF1000F25
S3150000A6D001D09D4235D1D6E90121914201D29D4258
S3150000A6E044D89D4250D129463846D4F88820F6F7FA
S3150000A6F079FDC4F88800B9F1000F04D02A4639461E
S3150000A700E06C00F057F8B8F1000F08D094F8433029
S3150000A7108BB12B463A463946A06C00F03AF894F8CD
S3150000A720433043B1E36DA26D2B449342E36524BFEE
S3150000A730002384F84330636D41F203002B446365C4
S3150000A740BFE794F84120A25CFA5494F8412094F8AB
S3150000A75040C001320CF1FF3C02F03F025FFA8CFC74
S3150000A76084F8412084F840C00133AFE73268525C78
S3150000A770FA54B26801330132B260ACE741F201002B
S3150000A780132384F846309CE741F20200F8E70020E4
S3150000A79097E730B50D4685B0194600F12803CDE997
S3150000A7A00152009300F1240200F1380300F06CF925
S3150000A7B005B030BD00F00CB8014600F016B86822AE
S3150000A7C0002100F0C1BC03460020C3E90000704729
S3150000A7D007B500F128030190009300F1080300205B
S3150000A7E0F6F7DCFD03B05DF804FB08B502460B4640
S3150000A7F000F128010830F6F731FE002008BDF0B55B
S3150000A8001D4693B0002837D1189B06909B01CDE9D1
S3150000A81004230AAB0A461E4601F120071C461068AF
S3150000A8205168083203C4BA422346F7D1002307967B
S3150000A8300993F7F73BFE0446D8B92023089304ABE7
S3150000A84093E807008DE8070007AB04200ECB00F065
S3150000A850EAFB0746F7F736FE8FB932462B46154612
S3150000A86003CD596012A98D4218602A4603F10803E8
S3150000A870F5D1204613B0F0BD6FF07104F9E76FF023
S3150000A8806F04F6E7FEE7F6F761BEFEE700239A429D
S3150000A89000D1704710B550F8234041F823400133EA
S3150000A8A09A42F8D110BD704770B101224178037801
S3150000A8B08A4030214B4341F2100103F1A04303F5D6
S3150000A8C0703300205A5070472220704770B1012221
S3150000A8D0417803788A4030214B4342F2100103F15C
S3150000A8E0A04303F5703300205A507047222070476A
S3150000A8F008B501F065FDBDE808400021F7F718B876
S3150000A9000029CCBF01210021F7F712B802214FF42C
S3150000A9102070F7F70DBB704738B50446F7F788FD8A
S3150000A920054634B1F7F79CFD30B100206B68236013
S3150000A93038BD4FF4E020FBE74FF47E00F8E710B592
S3150000A9400446F7F78DFD10B1A068C0F3C05010BDE6
S3150000A95010B5F7F76DFD0446FFF7F1FF08B1E068A3
S3150000A96010BD4FF47E00FBE7F8B50546F7F760FD2E
S3150000A970AD68044600F11406FFF7E1FF68B32269EB
S3150000A98056F82230DB4346F82230A06810F47020D7
S3150000A9901BD0A06800F47020F8BD00212F68AE68B7
S3150000A9A0C6F3990C61450CD0934203D185B193420D
S3150000A9B0F3D3F1E7013354F8236047F821600131FE
S3150000A9C0F0E76D6825F00105F0E703461034EDE782
S3150000A9D0934238BF4FF4E020DEE74FF47E00DBE71A
S3150000A9E02422002100F0B0BB70B515460E46242186
S3150000A9F00446F6F77FFD25F04003802B02D0B5F51F
S3150000AA00807F08D12046314640F8045BEA0800F012
S3150000AA10A3FB002070BD6FF01F00FBE730B50129D6
S3150000AA200D468BB02AD8046824F04001802902D054
S3150000AA30B4F5807F25D10021CDE903121022043020
S3150000AA40E408CDE90521CDE9073201900294099188
S3150000AA50F7F72CFD68B9012D07AA04A901A80AD1A8
S3150000AA60F7F732FF0446F7F72DFD204318BF6FF0C6
S3150000AA706F000BB030BDF7F73BFFF3E76FF0200038
S3150000AA80F7E76FF07100F4E72DE9F04F91B08246D9
S3150000AA900F4698461646DDF86CB0FAB11568DAF836
S3150000AAA0003023F04002802A02D0B3F5807F6ED1B9
S3150000AAB00024DB0805931023CDE90648CDE90834C8
S3150000AAC00AF104020BEB070304920293BC4207D37C
S3150000AAD006B13560002011B0BDE8F08F1546DEE7FF
S3150000AAE05DB11A9A1BF80430525D013553401C9A29
S3150000AAF005F00F0513550134E8E7A7EB0409B9F192
S3150000AB000F0F1DD929F00F090BEB0403CDE90A3904
S3150000AB101C9B0C952344CDE90D390F95F7F7C6FC20
S3150000AB200028D8D107AB00930DAA0AA904A8F7F705
S3150000AB30F3FE0390F7F7C6FC039B03432AD14C446C
S3150000AB401C9B0BEB04091C44029B994501D13C4616
S3150000AB50BCE78DB94246012150461A9BFFF75EFFBE
S3150000AB600028B8D108F1100212F8013D0133DBB21A
S3150000AB7013700BB94245F7D11A9A19F8013B525D89
S3150000AB800135534004F8013B05F00F05DCE76FF093
S3150000AB907100A0E76FF06F009DE7F6F7B7BC40B213
S3150000ABA0F7F7E4BC13B51AB10024009400F0C3F81B
S3150000ABB002B010BD2DE9F0418CB005AC84E8070069
S3150000ABC01C468C42254628BF0D460F46129B1DB3D8
S3150000ABD014B311462846002603F53813CDE90A4674
S3150000ABE08DE8030003F241134FEA4328C5EB4323E4
S3150000ABF0099302950CAA059B12E90700069500F039
S3150000AC002CFABC4208D93146621BA8EB04000CB0F2
S3150000AC10BDE8F04100F01FBA0CB0BDE8F08130B5D8
S3150000AC2091B001AC84E807001C461346DA0049BF20
S3150000AC30029A6200033222F00302014604A8FFF7DB
S3150000AC40B1FF04A800F08CF81499224601F53811DA
S3150000AC5001F241114D0208A8C4EB41210023FFF780
S3150000AC60A1FF05F5007100232246091B0CA8FFF77A
S3150000AC7099FF0CA800F074F808A904A800F050F891
S3150000AC8011B030BD10B58CB005AC84E807000E9A43
S3150000AC90DDE9060102F5381202F5A0725202CDE98D
S3150000ACA0092300228DE803000B9202930CAA059B50
S3150000ACB012E9070000F0D1F90CB010BD2DE9F04BF8
S3150000ACC04FF0000899460746164645468AB003AC3B
S3150000ACD084E8070002F0805B07AC049A424502D87C
S3150000ACE00AB0BDE8F08B139B13B9AA1E012A0AD934
S3150000ACF0129BCDE90779099600955BB194E80700A8
S3150000AD004B46FFF757FFBBF1000F00D14F4401350B
S3150000AD10C844E2E74B4694E80700FFF7B3FFF2E7C3
S3150000AD2008B5F7F72DFDF7F761FDF7F769FDBDE803
S3150000AD300840F7F779BD10B5044622F0704210308E
S3150000AD4060602160A26039B1A26803F070431343CA
S3150000AD50A360029BE36010BDA36843F08043F7E75E
S3150000AD6001234360C36843F02003C360836843F054
S3150000AD70005383607047C36803F00F03012B02D0B2
S3150000AD80033B012B08D8C36801F01F0143EA0123E6
S3150000AD90C36083680B448360704737B515464A68BD
S3150000ADA004463AB18C680093096845EA0403FFF744
S3150000ADB0C2FF0446204603B030BD2DE9F04FD3B0A4
S3150000ADC0CDE90123DDE9608500230390042003AC6F
S3150000ADD0CDE9050307C907AB83E8070021461846F6
S3150000ADE05D9E0494F7F734FD0746002840F0BA80CC
S3150000ADF05C9A0AAB07CA83E80700494201F00F09CB
S3150000AE0000215E9B5F9A5B6852680D9113445B421A
S3150000AE1003F00F0AD8F8043012915B420093B3682E
S3150000AE20DA0048BF73684FF0100242BF033323F0C5
S3150000AE3003037360AB68DB0041BF6B68033323F029
S3150000AE4003036B605E9BD3F804B05F9B5C680BEBFF
S3150000AE5004035344CDE90E3173685B4203F00F03DC
S3150000AE60CDE910136B685B4203F00F03CDE91313B2
S3150000AE7016AB1846159100F067F95C9A516851B9FE
S3150000AE80D8F804100C4354EA0B0401BF1022914673
S3150000AE90CDE90B240A9011234FF0005204A932A8E1
S3150000AEA0FFF77BFF40F611034FF0005207A9FFF7AB
S3150000AEB074FF42F611034FF000520299FFF76DFF3F
S3150000AEC044F611034FF000520199FFF766FF412344
S3150000AED000225E99FFF761FF4FEA0A234FF0005206
S3150000AEE05F9943F04103FFF758FF4FEA09234FF0FC
S3150000AEF0005243F001030AA9FFF74FFF009B4FF0F2
S3150000AF0000521B0203F47063414643F00103FFF74E
S3150000AF1044FF1038FFF724FF00230DA91A461AA88C
S3150000AF20FFF73BFF002331461A46FFF736FF0023A3
S3150000AF3010A91A46FFF731FF002329461A46FFF7E4
S3150000AF402CFF002313A91A46FFF727FF0023629957
S3150000AF501A46FFF722FF1038FFF702FF1AA932A898
S3150000AF60FFF7DEFE384653B0BDE8F08F0069704744
S3150000AF7070B586B003AE054686E80E00FFF7F6FF0D
S3150000AF80202804463AD86A6800EB80039A4203D028
S3150000AF90062343439A4233D10B9BB3EB440F2FD185
S3150000AFA00E9A93422CD1012221463120EB68F7F705
S3150000AFB0BDFB08BB0123CDE90033234695E8070016
S3150000AFC0FFF77CFE08230AAA009307CA2346FFF769
S3150000AFD026FE0C23009396E807002346FFF7EAFDBA
S3150000AFE00A230DAA009307CA2346FFF718FEF7F7B0
S3150000AFF0B9FB002818BF032006B070BD0120FBE78F
S3150000B0000720F9E7062808D804280AD801380328B3
S3150000B0108CBF0020012080017047C31F5842584151
S3150000B020F9E78020704770B58AB007AC84E80E0057
S3150000B03003AD064694E8070085E80B00012302935A
S3150000B0400EAB019303230093304694E80E00F7F706
S3150000B050F5FC0AB070BD00F077B882B02DE9F0417A
S3150000B0608AB005AE12F0804586E80700149C11935D
S3150000B07033D1139B8C4228BF0C4613F0805388466D
S3150000B08003D1129A944228BF144634B30F2C13D915
S3150000B090DDE912018DE803000294119B96E8070092
S3150000B0A0F7F776FBF7F7A2FBF7F7AAFB0AB0BDE8BE
S3150000B0B0F04102B0F7F7B8BB059E119F93B1A8EB1C
S3150000B0C00502042A3B6828BF0422701909A9043521
S3150000B0D0099300F041F8AC42F1D80AB0BDE8F0415E
S3150000B0E002B070472246394630460AB0BDE8F04104
S3150000B0F002B000F031B80139024410B5904201D1D6
S3150000B100002005E0037811F8014FA34201D0181B77
S3150000B11010BD0130F2E7884210B501EB020402D9F6
S3150000B1208442234607D8431EA14207D011F8012BBB
S3150000B13003F8012FF8E70244824200D110BD13F84C
S3150000B140011D02F8011DF7E702440346934200D1B0
S3150000B150704703F8011BF9E70A44431E914200D1E8
S3150000B160704710B511F8014B914203F8014FF9D120
S3150000B17010BD07B54368019303886846ADF80030F3
S3150000B18000F044F803B05DF804FB00F04AB837B5A8
S3150000B1900446684600F057F8BDF804309DF80620CE
S3150000B1A0A380A379009862F300032060A37103B023
S3150000B1B030BD08B500F043F808B140F4805008BD32
S3150000B1C008B500F03EF808B140F4805008BD08B557
S3150000B1D000F031F808B140F4805008BD0023036048
S3150000B1E0436070474FF6FE720160828070471FB55C
S3150000B1F00B8A0293CB6801930B7A009391E80C00BB
S3150000B200143100F0F3F805B05DF804FB08B500F062
S3150000B21059F9F8F711FBF8F7DFF8BDE8084000F038
S3150000B2201BB808B5F8F7B0FB00B908BDF8F730FB56
S3150000B230F8E7F8F785B900F03BB900F03EB900F041
S3150000B24033B900F033B910B5044600F01FF8A379FE
S3150000B25023F00103A37110BD704701280B4604D1EA
S3150000B260898821B11868F8F78DBE002070470D2037
S3150000B270704701280B4605D18988012904D1186831
S3150000B28000F035B9002070470D20704710B5044610
S3150000B290F7F7B6F8030A63700B0A2070E370000C28
S3150000B2A00B0C090EA0702371617110BD032070474D
S3150000B2B0036937B514460D46828A63B14FF6FE71AF
S3150000B2C08A4208D1002069460090ADF804009847EC
S3150000B2D028B103B030BD2B6000202280F9E7009B27
S3150000B2E02B60BDF804302380F3E710B50C46F8F761
S3150000B2F0FFF828B1D0E9010184E80300002010BD61
S3150000B3000120FCE72DE9FF410A9F04460E46CDE9E0
S3150000B3100023BDF82C80F8F7EBF805460DB1B442D2
S3150000B32005D94FF6FF74204604B0BDE8F0812B7AAC
S3150000B3309DF804209A4219D100996868FFF7DBFE50
S3150000B340A0B9002FEFD028460DF10A0203A9FFF796
S3150000B350AFFF58B9039949B1BDF80A30434505D145
S3150000B36042463846FFF7C7FE0028DCD001342D6878
S3150000B370A4B2D3E737B515461C46F8F7B9F870B14D
S3150000B380036973B14FF6FE72818A914209D169460B
S3150000B39001200095ADF80440984703B030BD012068
S3150000B3A0FBE70E20F9E710B50C46F8F7A1F840B117
S3150000B3B0037B1C4207D114F00C0F0CBF02200320A4
S3150000B3C010BD0120FCE70020FAE738B515461C46FB
S3150000B3D0F8F78EF840B122462946FFF769FF10B903
S3150000B3E02B6803B9208038BD0120FCE713B504465D
S3150000B3F002A800E90C00081D80E80C009DF810303A
S3150000B4000B73059B0B61BDF818308B8200230B6014
S3150000B410236853B11A461B68002BFBD11160A38821
S3150000B420013398B2A08002B010BD2160F7E7002377
S3150000B430F7B501F1080421461A46ADF80430ADF817
S3150000B440060051F8080C083198B90BB1ADF8042084
S3150000B450042501270DEB05062A4631463846F8F73E
S3150000B4609DFA0028F8D02D1AADB206445DB100272A
S3150000B470F2E751F80C3C1A4492B20123E1E734F8A2
S3150000B480045C35B9083454F8086C002EF7D103B0C3
S3150000B490F0BD2A4631460020F8F780FA0028F8D099
S3150000B4A02D1AADB20644ECE7F8F7B8BEF8F7C8BEF9
S3150000B4B008B5F8F765FE002008BD08B500F04BF9A1
S3150000B4C0002008BDF8F70ABA00F039B800F039B81C
S3150000B4D00131F8F771BF704738B50C46114625683B
S3150000B4E00144AD1A2A46FFF716FE256038BD01292C
S3150000B4F008B512D103781BB9BDE80840F8F716BDA8
S3150000B500032B03D1BDE80840F8F728BD042B04D16E
S3150000B5101320FFF792FE002008BD0620FCE708B5C1
S3150000B520F4F798FF002814BF8520002008BD08B551
S3150000B530F4F7A0FF003818BF0120C00108BDF4F7DA
S3150000B5402FBFF4F73DBF83820023C0E9002282604B
S3150000B55081750382C3757047837DDB0701D5808AB9
S3150000B5607047D0E901239B1A44BF828A9B1898B280
S3150000B570704708B5818AFFF7EFFF081A80B208BD49
S3150000B5802DE9F04105460E461146FFF7E5FF8842D4
S3150000B59028BF084687B2B846B8F1000F09D12FB1C7
S3150000B5A0AB7DDA0744BF23F00103AB753846BDE82F
S3150000B5B0F081AA8A2B6869689C18641AA4B244456B
S3150000B5C028BF444630462246FFF7C6FD6B68296809
S3150000B5D0AA8A23440A44934228BF0B462644A8EB72
S3150000B5E004041FFA84F86B60D6E72DE9F04114468F
S3150000B5F005460F46FFF7BDFFA04228BF204686B28C
S3150000B600B046B8F1000F0BD13EB1D5E901329A42EE
S3150000B61002BFAB7D43F00103AB753046BDE8F08158
S3150000B620AA8A2B68A8689C18241AA4B2444528BF85
S3150000B630444639462246FFF78FFDAB682968AA8A39
S3150000B64023440A44934228BF0B462744A8EB04042C
S3150000B6501FFA84F8AB60D4E7F8B5044616461F46D1
S3150000B660F9B1FFF786FF012829D9E37D63B1E068C8
S3150000B670658A05702D0A07D0421CA38A20680344F8
S3150000B6809A4238BF1046F4E700236382A368022279
S3150000B690E360204604F11201FFF7A7FFE37D0133C3
S3150000B6A0E3753A4631462046FFF79FFF638A034417
S3150000B6B06382E37D13B9238A03442382F8BD002005
S3150000B6C0FCE7F8B51F46038A04461646EBB9C57D66
S3150000B6D0DDB10123013D0B700222C57500F1100199
S3150000B6E0FFF74EFFE37D9BB1228A3146BA4228BF5F
S3150000B6F03A462046FFF744FF238A1B1A2382E37D3E
S3150000B70013B9638A1B1A6382F8BD00230B70EBE73B
S3150000B710638A2382E8E710B50C46FFF72AFF24B1B7
S3150000B720022838BF0220023880B210BD38B50D4657
S3150000B7300446F8F799FB8379014603F00103AB420F
S3150000B74007D106222046FFF7D6FCB0FA80F0400962
S3150000B75038BD0020FCE7F8F79DB9084611460122DE
S3150000B76000F044B800F0E3B900F0EBB900F09AB885
S3150000B770431E042818BF012B94BF012000207047E8
S3150000B780FBF7A6B84FF4D4720021FFF7DDBC10B565
S3150000B7900446F9F7F7FDE8B9A169D9B1238ACBB117
S3150000B7A0204604F1100200F092FAB8B9E169A9B195
S3150000B7B0638A9BB1204604F1120200F05DFA88B953
S3150000B7C0216A79B1A28A6AB12046E38ABDE81040AF
S3150000B7D000F00EBA00232382A361E6E7002363820A
S3150000B7E0E361ECE700236361236210BDF9F7F2BE63
S3150000B7F00A7838B505461046FFF7BAFF60B14C78AF
S3150000B8002046FFF7B5FF38B12243530704D4284634
S3150000B810BDE83840F9F7ACBA212038BDFFF7E8BFDC
S3150000B82010B504460878FFF7A3FF58B14A781046CA
S3150000B830FFF79EFF30B1042A04D02046BDE8104031
S3150000B840F9F7B4BA212010BDFFF7EABF00F0E4B85B
S3150000B8507047F8B506460D46F8F786FFD8B94FF695
S3150000B860FF734FF0240CEF68C1B28F4208D81C4614
S3150000B87021463046F9F7FEF8FBF7AAF82046F8BD50
S3150000B880AA680CFB0122D4899C4202D2002CEFD07C
S3150000B89023460130E8E74FF6FF74EFE7808D7047E7
S3150000B8A000F0F7B870B504460D46164600F057F896
S3150000B8B058B129462046F9F7DDF838B93246294607
S3150000B8C02046BDE87040FCF771BE0E2070BD08B57D
S3150000B8D0F8F70EFF18B1BDE80840FCF7DDBB08BD60
S3150000B8E038B5044648880D46FBF72AF8D4F8FC30EC
S3150000B8F02BB929462046BDE8384000F046BA02205A
S3150000B90038BDFBF72FB800F02EBB00F010BA70B5AB
S3150000B910BDF81060054606B16BB1334428469BB2AC
S3150000B92000F066F9044620B91EB13146284600F0FB
S3150000B930A0F9204670BD2124FBE7FAF701BFF9F70D
S3150000B9406DBB00F019B938B50446154609B100F0CB
S3150000B95063FA15B12046FAF735F9002038BD0346DB
S3150000B960408A18B1188A003818BF0120704738B5C8
S3150000B97003210546F9F75AF904462846FAF72AFB41
S3150000B980204638BD38B590F825400D46FF2C17D017
S3150000B990023C012C8CBF0024012449682246FAF798
S3150000B9A055FB286890FAA0F0000AFBF7DFFFA97A9A
S3150000B9B02889224681F00101FAF778FB002038BD7C
S3150000B9C00220FCE730B505460FC985B08DE80F00AB
S3150000B9D069462846FFF7D6FF05B030BD0020704700
S3150000B9E0002070477047D0F89C3003F06003402B6E
S3150000B9F00DD0602B03D0203B58425841704749B1C7
S3150000BA000B68012B06D9486940F00100704740F2E7
S3150000BA100110704700207047F7B504461046D4E978
S3150000BA2052C7DDE908268CEA020587EA06010540C9
S3150000BA30194085EA0C057940C4E95251002523F4E2
S3150000BA40004106EA010320F0010043F400730240BE
S3150000BA5043F0020301950095FDF7AAFC94F8243003
S3150000BA609A0713D5D4F84C319B050FD54FF488119E
S3150000BA70204600F0DCFB94F82430024665F34103CF
S3150000BA8084F8243020460B46F9F7BEF8002003B0B0
S3150000BA90F0BD30B4D0F89C300A4023EA01031343CA
S3150000BAA0C0F89C3030BCF9F74DBE08B5D0F8F03080
S3150000BAB04BB11A68022A06D993F825204AB1186AAA
S3150000BAC0B0FBF2F008BD40F68C324C210020F9F7AD
S3150000BAD025F80020F6E7D0F8F02008B57AB113680B
S3150000BAE0022B0CD9536A13F47F4FC3F3072106D0F8
S3150000BAF0126ADBB253438B42B3FBF1F006D200204D
S3150000BB0040F6AB324C21F9F709F8002008BD034690
S3150000BB10B3F8322108468A4203D0A3F83211FAF765
S3150000BB205FBF002070474FF48071FDF7CBBF10B5A3
S3150000BB300023F9F771F9044608B9FCF721FD204600
S3150000BB4010BD38B51D4600230446F9F765F928B936
S3150000BB5029462046BDE83840FCF7FCBD38BDD0F884
S3150000BB60F00040B10368122B04D9006D202828BFCD
S3150000BB70202070470020704770B504460D46F9F73F
S3150000BB80DDF894F825400646042C02D16B7C012B87
S3150000BB900CD9023C012C8CBF0024012431462046DE
S3150000BBA0FCF7F4FB431C03D1022070BD0124F5E72A
S3150000BBB0AB88BBB92B68AA689B1A2B600323AB71B1
S3150000BBC0002EF1D0B0F5803FEED84FF22442730933
S3150000BBD002FB00333609B3FBF6F32A680020D21ABB
S3150000BBE02A60E2E700EBC30004EB44042044E5E7E7
S3150000BBF02DE9F041884618F0030706461546194612
S3150000BC0033D1B2F5805F30D89A422ED33F2A2AD953
S3150000BC10B2FA82F40122C4F11F03DBB29A4092B257
S3150000BC20AA422CBFC4F11904C4F11A04E2B20120DD
S3150000BC30931DDBB2984080B2A84214BF01200020B9
S3150000BC4002D096F8013193B996F8243060F3C71301
S3150000BC5086F824304046FAF725FBC6F82080B582E0
S3150000BC603846BDE8F0813A46E1E72127F8E70E2796
S3150000BC70F6E7084600F056B9F8B511F00306074690
S3150000BC800D46144621D102B313883F2B1DD9B3FAB2
S3150000BC9083F3C3F11901C9B2062901D8192B12D0B1
S3150000BCA0062928BF062101238A1DD2B293402846C1
S3150000BCB0238000F03DF923883846FD617B82FAF740
S3150000BCC001FC3046F8BD3146EDE72126F9E738B5E7
S3150000BCD0148811F003054FEAC4041ED13F2C1CD969
S3150000BCE0B4FA84F4C4F11903DBB2052B01D8192C7C
S3150000BCF011D0052B28BF052301240633DBB204FA35
S3150000BD0003F3C3F3CF041480816104820387FAF737
S3150000BD10D9FB284638BD2B46EEE72125F9E740F248
S3150000BD2036607047002070470022F9F7DDBD08B580
S3150000BD300B46062200F598711846FFF70DFA00200B
S3150000BD4008BD0429F8B505460C460AD10026F7B207
S3150000BD503846FAF789FE08B13C4602E00136042E61
S3150000BD60F5D12046FAF780FE58B195F83031A34256
S3150000BD7009D085F8304105F59870BDE8F840FAF726
S3150000BD8035BE2120F8BD0020FCE7F8B5FF230F786B
S3150000BD90044680F8293090F8306138460D4600F0A8
S3150000BDA0DAF884F828006988B4F832318B420BD16E
S3150000BDB094F830212B789A4206D1AB88D4F8B0207B
S3150000BDC09A4201D10020F8BD2046FFF7A0FE394671
S3150000BDD02046FFF7B6FF18B10D2384F83031F2E79D
S3150000BDE02046A988F8F7FCFF0028ECD104F59870E6
S3150000BDF0FAF730FE0028E6D1D4F8EC30002BE1D07B
S3150000BE0094F83011B142DDD02046B3F91220F6F78E
S3150000BE1001FC84F83901D5E7F9F7B8BE10B5144628
S3150000BE2008460121FBF7B8FC2046BDE81040012179
S3150000BE30FBF7B2BC8021FDF745BE10B50446F9F705
S3150000BE40BDFB01462046BDE81040F9F7BDBB70B505
S3150000BE5004460D461646F9F7A9FB032813D1A5B1EA
S3150000BE60B31E022B94BF4FF4BC7328232946C4F893
S3150000BE700831204684F82560FFF7EBFC2046FAF7E8
S3150000BE8083F8002070BD0220FCE72120FAE738B5D0
S3150000BE90054610460C46FAF73BF95DB1D5F8EC308D
S3150000BEA043B15A6932B12368591C04BF6FF00103CC
S3150000BEB023601360002038BD002070472DE9F74F3E
S3150000BEC001251C469DF83030064601930368174647
S3150000BED003F0070306339D4005F1FF380B46A1B179
S3150000BEE0416804EA080BA5EB0B0A41F000595245DC
S3150000BEF009EB0B0114D952461846FFF72DF94946AE
S3150000BF007A1B5A445044FFF727F9019B2BB13C4456
S3150000BF1048EA050804EA0804F46003B0BDE8F08FB7
S3150000BF201846F0E74FF03A43022298615A63704789
S3150000BF304FF03A4301225A6740F6FF72D9641865FA
S3150000BF401A67704737B5002514460095FFF7B6FF08
S3150000BF50204603B030BD00F0FD00003818BF0120B8
S3150000BF604042C0B27047704700200021704708B5B4
S3150000BF70FBF794F9BDE80840FBF7A8B938B50446C5
S3150000BF80FFF7F5FF0546FFF7F2FF431BA342FAD37F
S3150000BF9038BD38B50D460446FBF780F935B1844205
S3150000BFA000D90139204601F0030138BD844238BF6B
S3150000BFB00131F7E708B50121FFF7EBFFBDE80840BF
S3150000BFC0FBF784B908B521B19200FFF7C5F8002048
S3150000BFD008BD2120FCE70B0C23F48053B3F5284F52
S3150000BFE0F7B50D468FB2064699B217D04AF6010349
S3150000BFF0994215D04AF60203994213D0B1F5204F63
S3150000C00014BF04240324D6F8EC300BB1196859B9CF
S3150000C010D6F8E83093B9286803B0F0BD0024F2E7FB
S3150000C0200124F0E70224EEE723463A466846FBF78A
S3150000C030C7F9019B002BEBD10098EDE719680029A1
S3150000C040E9D023463A466846FBF7BAF9019B002B2E
S3150000C050E1D1F1E702044FEA901309D4C3F30903CF
S3150000C060A3F1C8006FF4FF739842B8BF184607E003
S3150000C0706FEA83536FEA935313F5007F18B2EFD13B
S3150000C08070474FF0384359699A6903F500530A40DF
S3150000C0905A61704700EB8023C0EB831353FA81F398
S3150000C0A003EB8322C3EB8213C1F30722134403EB92
S3150000C0B08322C3EB8213C1F30742134403EB8322AB
S3150000C0C0C3EB821303EB1160704738B50D46144677
S3150000C0D004B938BD55F8041BFFF7DCFF013CF7E750
S3150000C0E02DE9F0470C4669B1CB1CB3F5002F09D2F8
S3150000C0F04FF0000844F6FC7654F828104FEA8809F9
S3150000C1004B1C01D1BDE8F087FFF7C4FF01F0E063E7
S3150000C110B3F1407F844608F10107C1F3074514D106
S3150000C1208BB2F31AB5EB930F4FEA930A0DD909F1C7
S3150000C130040152462144FFF7C8FF844608F102086D
S3150000C140013D0AEB0807A5EB0A052A46604604EB03
S3150000C1508701FFF7BAFF07EB0508CDE7F8B50446F8
S3150000C160002850D000F11703B3F5002F05464AD238
S3150000C170FBF778FC217D00EB8023C0EB83130B4497
S3150000C180A28A03EB8321C3EB811303EB122304F191
S3150000C190100618462968FFF77DFF2A7803469AB9E4
S3150000C1A0696861B1CA1CB2F5002F08D26A785200DC
S3150000C1B00132FFF78AFF03460835B542E9D1206907
S3150000C1C0C31A58425841F8BD012AF8D168680028B8
S3150000C1D0F5D0421CB2F5002FF1D2E978AA78891A77
S3150000C1E001310029E8D030F8027B03EB8322C3EB50
S3150000C1F0821353FA87F303EB8322C3EB821303EB19
S3150000C20017230139EDE70020DDE70E207047704760
S3150000C210FCF790BBFCF78EBBFCF78CBBFCF78ABB2C
S3150000C22008B50846FCF7AEFF08BDFCF783BB38B57A
S3150000C23005460C4600F057F9D5F898301C40D5F85D
S3150000C24094302343C5F8943000F048F9211E18BFF6
S3150000C25001210020490238BD0020704770470000C8
S3150000C2604FF4C0222D4B5A662D4A9369DB0714D52D
S3150000C2702C4BD3F8003103F00303013B022B45D8C6
S3150000C2802948D16850F82300C1F30B01B0FBF1F047
S3150000C290D268C2F30B4358437047244A9368C3F3EA
S3150000C2A00443102B32D8DFE803F00B093133193180
S3150000C2B01B1D1F21232527292B2D2F001C487047C6
S3150000C2C0936803F04073B3F1807F23D0B3F1007F0E
S3150000C2D022D0002B174818BF002070471648704719
S3150000C2E016487047164870471648704716487047F4
S3150000C2F016487047164870471648704716487047E4
S3150000C3001648704716487047164870470020704711
S3150000C31015487047154870471548704700900050FB
S3150000C32000C001500080005094C70000000001507A
S3150000C330404B4C0000093D0080969800405DC600C9
S3150000C3400024F400C0EA2101002D310180BA8C01DD
S3150000C3500048E80180D54302006CDC02007E5603EB
S3150000C3600090D00300B4C404C0CF6A0080841E00CD
S3150000C37040420F00084B1B6F03F00703022B04D04B
S3150000C380032B04D0012B04D0FEE7FFF769BF034857
S3150000C39070470348704700BF0080005000F0490214
S3150000C3A0002D310108B5FFF7E5FF044B1B6FC3F302
S3150000C3B003330133B0FBF3F008BD00BF008000502B
S3150000C3C00048704700B4C40400487047002D31018E
S3150000C3D00048704700F04902F8B5036A0446052B89
S3150000C3E068D800F080F8344B344A596E4FF48033E5
S3150000C3F03348536602F5E622C2F80006C90300F583
S3150000C4000070C2F804065CBFA2F5E42253662D4B09
S3150000C4102D4A256A1A6022685A602C4A04F10803DC
S3150000C42003EB8501121B8B4202EB03001FD1294649
S3150000C43000206368264CF3B9224A40EA0560906002
S3150000C44013685068926843405340002291422CD1B1
S3150000C45044F82130BFF34F8F1E491F4BCA6802F4C0
S3150000C460E0621343CB60BFF34F8F00BFFDE753F885
S3150000C470046F0660D7E70022D3F800E004EB8107DB
S3150000C4809E68BC46C6F39906964207F1040706D88D
S3150000C490104411445A68012ACED05B68CBE75EF897
S3150000C4A022600132CCF80060EAE754F8220001323B
S3150000C4B04340CBE7F8BD00BF00800050009000501D
S3150000C4C0004C00A0004C00B0DEC0ECE5044C00B00F
S3150000C4D00C4C00B000ED00E00400FA0510B962B69D
S3150000C4E0BFF36F8F7047EFF3108072B6704780F31B
S3150000C4F01188BFF36F8F7047EFF31180302383F3FA
S3150000C50011887047002070474FF4004070474FF481
S3150000C510004070474FF47A707047036A042B9FBF40
S3150000C52000EB83020133D160036270470000000014
S3150000C53000000000000000000000000000000000F5
S3150000C540F8B500BFF8BC08BC9E467047F8B500BFFA
S3150000C550F8BC08BC9E467047000000007FA400009F
S3150000C560000000009FA400000201060409004F54C9
S3150000C5704100B814B6F1E0CFF3ADB7DD25C9FA79BD
S3150000C580B71300032800022900052A00011800F845
S3150000C590927AAC96CDA9BFF249C14A11CC770D006B
S3150000C5A0FE5A24E12BAAA5B2E94617E90A5CF02552
S3150000C5B00016531EC44CBAAD9D324B6808CF7BC0E3
S3150000C5C04C009F3EE22E0ECFFFBF1E45CA8C68234D
S3150000C5D04A4F0053A1811F582CD0A54540FC34F387
S3150000C5E027429800636032E0375EA488534E6DFBA5
S3150000C5F06435BFF700F01921B4478FA4BFA14F637C
S3150000C600FDEED6141D00000013B779FAC925DDB773
S3150000C610ADF3CFE0F1B614B801020000000000004F
S3150000C6208405010040000000000002030000000035
S3150000C63000000000000000000000000000000000F4
S3150000C64000000000000000000000000000000000E4
S3150000C650000000000000000007B0CD5E02000000F0
S3150000C6600000020388050100002001000000080008
S3150000C670F00010003DA5000041A5000025060000C1
S3150000C68061A5000091A5000000000000C1A5000002
S3150000C69037A60000000000000000000037A50000DB
S3150000C6A0EB17A6030201000003000000FA0606FAD3
S3150000C6B00F04000003000000F40A0AF40505000058
S3150000C6C001000000EB17A65E0A060000010000004C
S3150000C6D0F50909F50307000001000000F60808F651
S3150000C6E00608000000000000FE0101FE0808000028
S3150000C6F000000000FD0303FD0C0800000000000020
S3150000C700F90707F91009000002000000F30B0BF30C
S3150000C710110A000003000000F70A0AF7120B0000D6
S3150000C72003000000FC0404FC0D0C000003000000E4
S3150000C7308000000000000000000000000000000073
S3150000C74000000000000000000000000000000000E3
S3150000C75000000000000000000000000000000000D3
S3150000C76000000000000000000000000000000000C3
S3150000C7706A09E667BB67AE853C6EF372A54FF53A6C
S3150000C780510E527F9B05688C1F83D9AB5BE0CD1998
S3150000C79049B1000000F049020080000000000000DE
S3150000C7A0000000006480005068800050010304010E
S3150000C7B0010109030B0000000B000000020000004D
S3150000C7C00000202000000000030000008C8C3C00CC
S3150000C7D00000000000000000000000000002010050
S3150000C7E00000000000000000000000400001000002
S3150000C7F00002000000040000000800000010000015
S3150000C8000020000000400000008000000000010041
S3150000C81000000000010000002CC80000C00000005D
S3150000C820000000000000100020000000FFFFFFFFD6
S3150000C83000000001000000000000000000000000F1
S3150000C840FFFFFFFFFFFFFFFFFFFFFFFFFFFFFFFFF2
S3150000C85000000000FFFFFFFFFFFFFFFFBCE6FAAD91
S3150000C860A7179E84F3B9CAC2FC6325516B17D1F290
S3150000C870E12C4247F8BCE6E563A440F277037D81EC
S3150000C8802DEB33A0F4A13945D898C2964FE342E286
S3150000C890FE1A7F9B8EE7EB4A7C0F9E162BCE3357F4
S3150000C8A06B315ECECBB6406837BF51F5FFFFFFFF59
S3150000C8B00000000100000000000000000000000071
S3150000C8C0FFFFFFFFFFFFFFFFFFFFFFFC5AC635D844
S3150000C8D0AA3A93E7B3EBBD55769886BC651D06B0BC
S3150000C8E0CC53B0F63BCE3C3E27D2604B10142020F2
S3150000C8F040402010141C20304020000083C500005A
S3150000C900020000000CC90000020000000028000020
S3150000C9108CC500000200000089C50000020000006E
S3150000C92086C5000002000000000000003FC90000AC
S3150000C930020000003CC9000002000000002A0000BE
S3150000C9401800030B0001000000FEFF00F5C5000003
S3150000C95010000000E4C5000010000000D3C5000070
S3150000C96010000000C2C5000010000000B1C50000A4
S3150000C97010000000A0C50000100000008FC50000D8
S3150000C980100000000102030405060708090A0B0D42
S3150000C9900E0F101112131415161718191A1B1C1D39
S3150000C9A01E1F20212223242526000C27010100001A
S3150000C9B00009007FE8C900000100000FC8C9000097
S3150000C9C06FC2732408070000E1FE56FF8DFFACFF1F
S3150000C9D0C1FFCFFFDAFFE3FFEAFFF0FFF4FFF8FF46
S3150000C9E0FBFFFEFF000003005200F2FEFF006400A2
S3150000C9F01E0000007F00F80D7F24FDFF3300A80312
S3150000CA0023D6FFFF1B0041010A3700001100B900C1
S3150000CA10653B00000B00720010350000070049005E
S3150000CA202F2C0000050037003126000003001400FB
S3150000CA305715000000000000A801000008100020A3
S3150000CA40000210005C210020B011002020C001B8B7
S3150000CA500000000100000101000101011F150F1572
S3150000CA60150F151F010100033F000000FFFFFFFF28
S3150000CA70FFFFFFFFFFFFFFFFFFFFFFFFFFFFFFFFC0
S3150000CA80FFFFFFFFFFFFFFFFFFFFFFFF00A801A85B
S3150000CA9002A8000000B801B802B800B003040408F8
S3150000CAA00805000000000000000000000000000073
S3150000CAB0000000005C340000D403000030380000A1
S3150000CAC014000000343E000008000000602F000043
S3150000CAD0FC0400004438000004000000303E000062
S3150000CAE00300000000000000602F0000483800002E
S3150000CAF0010000003C3E000039000000010000007B
S3150000CB00303E0000212A0000392A0000392A0000A0
S3150000CB10392A0000392A0000392A000000000000E6
S3150000CB20000000000000000000000000392A00009C
S3150000CB30392A0000392A0000752E0000392A000023
S3150000CB408523000095230000212400007B2400009B
S3150000CB500325000079260000232500002127000078
S3150000CB606F250000BD250000392600008D28000035
S3150000CB705D29000057230000C32B00007D20000024
S3150000CB80E12B0000552C0000392A0000352D00004D
S3150000CB90FD2C0000392A0000392A0000812D0000F2
S3150000CBA0392A0000392A0000392A00008D100000B9
S3150000CBB0831000009D100000A7100000B1100000B7
S3150000CBC08B488068000200D4704780B580208002C0
S3150000CBD0A7490860CF2000F043FA01BDF8B58548A3
S3150000CBE00068854A80239B031360844C21680905ED
S3150000CBF01DD5190BA025054001D0116017E0034093
S3150000CC003CD17F4F80253D607E4A1560084035D077
S3150000CC10774E307A400705D501207B49086000022F
S3150000CC207A4908603078002801D0062801DB002008
S3150000CC30F2BD00F04CFB616889684C6831780529C3
S3150000CC4005D17460A468CC218901704A116000F096
S3150000CC5047FB012C00DA0224BC20800585490860C8
S3150000CC6094208005844908600020C04338646042EF
S3150000CC7078648248056040203860D8E7AE48016095
S3150000CC80FFF79EFF0120F2BD5A480168890504D5C9
S3150000CC90C06E0004000F022801D00020704701205A
S3150000CCA0704738B580245648046000F010FB050034
S3150000CCB07348006800F060F9280000F011FBFFF7E8
S3150000CCC07FFF4B48007A000705D5A0004A49086057
S3150000CCD000F001FC31BD600397490860AD4804606F
S3150000CCE031BDFEB50600CC20800194494860012480
S3150000CCF093480460FFF7C8FF002877D03C4D28789A
S3150000CD00002873D021020196052802D032460A4037
S3150000CD106CD1CC27BF01894A17609F4A1268530716
S3150000CD205B0F022805D1022B5ED308013749086044
S3150000CD30F7BD4E01032804D1022B55D933480660AE
S3150000CD40F7BD042802D111404ED0F7BD05284BD1BE
S3150000CD500198002848D0C005C10F68464170019867
S3150000CD60C004C10F6846017000F0B1FA02906A680B
S3150000CD7068464078002803D014688020214908605E
S3150000CD803504A8496846007800280CD0D0680B689E
S3150000CD90C01AA54B1B682B4001D0146800E05468EC
S3150000CDA0844200DD0400684640786A4612780243F1
S3150000CDB008D008684242A01E824202DA60428860B9
S3150000CDC000E00024029800F08BFA0198800501D556
S3150000CDD0964805600198064001D095480560002CEC
S3150000CDE002D00A480760F7BDFFF75BFFF7BD0000FA
S3150000CDF03C3E0000400002A8402002A8C43E0000BD
S3150000CE000CC001A890E001A894D000A8505201A837
S3150000CE1038B5802487480460012049490860864D5A
S3150000CE202878052802D0600084490860FFF72CFFA7
S3150000CE30002812D012480068000A80214140A868E4
S3150000CE40000EC9B2814208D2534800684007400F1D
S3150000CE50022802D2FFF725FF31BD79480168C022BA
S3150000CE600A4002D1C06F204001D00448046031BDA1
S3150000CE701C1002A808E001A808D001A894D001A8B7
S3150000CE8018C000A8F1B582B00F008026B600A02019
S3150000CE90384002D06B4806604CE000F018FA00906B
S3150000CEA069480468F80202D5A0680069029000F09B
S3150000CEB061FBB102606800F069F921782000002268
S3150000CEC0491C43788B4200D2002118234B43C518D6
S3150000CED00C352B78082BF3DA0C0001708560564868
S3150000CEE0297801703E4007D0574909688968CA68A1
S3150000CEF0F90201D403218A4382600126104630409C
S3150000CF0003D100F0F8FB00F0CFFFF104686900F0F0
S3150000CF103DF93C2000F0A4F8E0B200F0A1F800983A
S3150000CF2000F0DEF9300547490860484806603002DF
S3150000CF30024908600298FEBD401002A84C6201A892
S3150000CF4094E000A810B542480068800501D4FE2090
S3150000CF5010BDC02080033F49086000F0B8F93A4987
S3150000CF6009688A78D20702D589688C7800E00C783F
S3150000CF7000F0B6F9200010BD334909688A688B783D
S3150000CF80DB0704D5927818235A438A180C3290602E
S3150000CF9070470000100002A8084001A8F1B582B051
S3150000CFA02D4F3C680026200F000702D1E0010290B9
S3150000CFB02AE000F079FF00F08AF901908021090348
S3150000CFC0606800F0E3F825786D1C6078A84200D20E
S3150000CFD00025E80020180C3000900068029080219F
S3150000CFE009030098406800F0D1F83D2000F038F8B9
S3150000CFF0E8B200F035F825700098A060019800F0BE
S3150000D0006FF902A800F0B4FF14480068800407D541
S3150000D010786901F06AFC02990818029000D5029618
S3150000D0200298FEBD48C001A8480002A8481002A800
S3150000D030482002A894E001A83C3E0000506201A8E6
S3150000D04014C001A8402002A8C83E000090E000A835
S3150000D050400002A8401002A8CC3E0000FC0302A833
S3150000D06041490968002901D5404908607047F3B570
S3150000D07081B03F4FB9683F4C4A004CD501250901A4
S3150000D08000D5212501003C4A1068566822689206A0
S3150000D090920E94463A6893008022134062461343E8
S3150000D0A0802252001A4300920A0023D0890601D535
S3150000D0B0012008E0F021014007D16946097A0C22D7
S3150000D0C00A4002D0022000F03FF82C490968090402
S3150000D0D00AD53968090701D5022605E039684903EA
S3150000D0E001D5002600E0032648350099244A126837
S3150000D0F0930003E00099224AD269130940221340A3
S3150000D1000B439100002E02D00E4326660835236697
S3150000D110014321662566E06D4407640F00F0C1F8FF
S3150000D120A0070BD0052C09D0B868000406D400F07F
S3150000D130CEF80221134A116000F0D2F800F0BAF8D6
S3150000D140002000F001F8F7BD0B490A68F0239A4366
S3150000D150000110430860C0B270478020C0020A492F
S3150000D16008607047000000004C0002A8884000A834
S3150000D170440002A8284000A8643F0000384101A8E6
S3150000D180084001A87CD40350485000A880B5644AE2
S3150000D190116001F0D5FBFFF7E0FF01BDFEB500F021
S3150000D1A096F8019010205F49086000225E480260F0
S3150000D1B002205E4908605E48C0684005C30DD52B55
S3150000D1C001D2D52304E0D1204000834200D90300D8
S3150000D1D018000100574C0094843C246864011BD558
S3150000D1E0554C2478022C03D2544E06277C433353E5
S3150000D1F00024009D2D7CE540ED070AD5504D0626FE
S3150000D2006643AD19AD888D4200D22900A84200D2EE
S3150000D2102800641C022CECD346310904494C0C400E
S3150000D2204638C005C00D204341490860C0200006AD
S3150000D230454908603F49087D00280CD04348D52B56
S3150000D24002D98024E4050460D1246400A34202D2FA
S3150000D25080242406046010203D4C20603D48026076
S3150000D2604888002800D10B80019800F039F8F7BDF6
S3150000D27080B53948394908603948C1680902090A40
S3150000D28019225143416005210160FFF787FF01BD67
S3150000D29033480068C00300D4704780B5FFF77EFFAF
S3150000D2A001BD8020C0021E4908602E480068400764
S3150000D2B0FBD470478020C0022B490860704701E00C
S3150000D2C02A4908602A4909680140F9D17047294866
S3150000D2D000682021284A11601021284A11607047F1
S3150000D2E03021014002D110202349086070472148AF
S3150000D2F0006830210140102901D10120704700202B
S3150000D30070471F4800780621014007D01D48006875
S3150000D310022803D0032801D001207047002070475F
S3150000D320401002A8F41302A8048002A8409002A8A4
S3150000D3307C400050703F00005C3E0000643E0000F0
S3150000D340603E00000000FF01A0600050A4500050A5
S3150000D350F42302A818E000E07F1A0601500002A894
S3150000D36010E000E0400002A8402002A8282002A801
S3150000D370280002A85C0002A85C2002A85C1002A893
S3150000D380B83E0000683F0000FEB5554880214902BE
S3150000D39081610221534A51600021534A1160534A68
S3150000D3A0118003214F4A116002210160202050495B
S3150000D3B0086080204F490860CC2080014E490860F3
S3150000D3C001204E4908604848806F01900F26000BE7
S3150000D3D0304000904A480068C505ED0D103DC0205C
S3150000D3E02843C0B2FFF73CFE3F48006980030BD5D7
S3150000D3F00098092808D0FFF784FF002802D041488A
S3150000D4000068804701F0F2F83F480468032D43D0D6
S3150000D410019806400196032E04D0022E07D10098EB
S3150000D420032839D000F000FA0198032804D00098A8
S3150000D430062831D1062D2FD0344800680127C00BAD
S3150000D440384001D001F09AFB31480068000108D548
S3150000D450052D06D101252F4807606805FFF72FFF28
S3150000D46000E000252100009800F0E0F904002A4EB3
S3150000D470002D05D000F0A4FB376002202749086084
S3150000D48078057065800926490860FFF73AFF00288D
S3150000D49002D0244800688047124880214902C161B1
S3150000D4A00099002908D10221416000200E49086137
S3150000D4B0C020C0001C4908602000FEBD80B5FFF7F3
S3150000D4C0F0FE1A480078800602D402201849086047
S3150000D4D0FFF7F0FE01BD0220164908607047000004
S3150000D4E02C1002A8282002A8340002A8703E0000D2
S3150000D4F094E001A80CC001A8506201A894E000A81D
S3150000D50004ED00E040380000B44000A800E200E06E
S3150000D510EC3E0000645000A8646000A82C4000A8FF
S3150000D52080E200E03C3800002C6001A8C43E000008
S3150000D530081002A8082002A87B480068800700D4CB
S3150000D540704730B581480421904A0123E024E40065
S3150000D5508568254002D01360D160D360006804401E
S3150000D56002D013605160536030BD8948012181604B
S3150000D57001607047012076498A680240FCD1042286
S3150000D580844BDA600B680340FCD182494A6008602C
S3150000D5907047814908680122104200D1704710B5D2
S3150000D5A0E023DB000340FF24A41CA34204D37B4BEF
S3150000D5B01B689B0600D54868024001D000F0B6F80B
S3150000D5C010BDFEB50700C8207549086006207549DC
S3150000D5D00860802040037449086074480168744AF2
S3150000D5E00A408021090111430160724CC020C0002D
S3150000D5F020600225A56168036F4908606F4E704878
S3150000D600F0664C206F49C86638686F498968814260
S3150000D61001D2009100E000900099401A3860012183
S3150000D620380000F070FB01903868009940183860A7
S3150000D630FFF782FF63480068634908606348016832
S3150000D640490601D5624900E062493167019900291E
S3150000D65008D10321E16100683068054002D08020CE
S3150000D660800220610198FEBDF1B55B4C8020C001AF
S3150000D67020605A4D0126AE62594F3E601D2028603B
S3150000D68056206866072001F021FB0220286006214B
S3150000D690296654490968002902D408212966696661
S3150000D6A051492965C021C900504A1268F823DB0197
S3150000D6B0134001D1A96700E07961E16B314008D0E0
S3150000D6C0216BC90705D44A490968084001D101F010
S3150000D6D005FB484848490860206B064001D1FFF722
S3150000D6E02BFF009801F0E0FA206B8001FCD4206A41
S3150000D6F042490860F1BD30B53748414C0121026B03
S3150000D7000A4001D16161E1603E4A3F4B5366364BA8
S3150000D7101365032323600024D14D2C6013609162AE
S3150000D720C903016030BD00004C0002A8F0210901C8
S3150000D730364A1160014036480160202035490860AC
S3150000D740354909680840CB49086070476C0102A852
S3150000D750700102A880B531480821314A13680B4090
S3150000D76001D0016141611178C90602D586210901FE
S3150000D7700160FFF70EFF14202A490860BE480168C1
S3150000D780490701D0FF21416101BD0000681102A8CF
S3150000D7906C2102A8682102A8743F0000400002A87C
S3150000D7A0548001A80C9001A8942002A8680102A840
S3150000D7B0FFF1FFFF441102A8A01002A8E40002A88E
S3150000D7C0294E0600300002A8A03F0000FC0302A874
S3150000D7D0CC3F0000C43F0000100002A8E01002A8E1
S3150000D7E0442102A828C000A80C1E0000A88001A899
S3150000D7F0443E0000FFFF7F7FB46000A89C3F00000E
S3150000D800602102A8E02002A85E0600002C6001A8A4
S3150000D8102C5001A8442002A8084001A8301102A8F3
S3150000D820F84F00006C3F000070470000F0B587B06D
S3150000D83005000C009148866AFFF749FD0690B00581
S3150000D84003D58F480068FFF797FB00200190012160
S3150000D8507006C00F03908B4A976800209060B8202E
S3150000D8604000894B18606308B82018401278F023EE
S3150000D8701340402B02D10200402010430D2D02D14F
S3150000D8803A00042717437A0704D5020014201043F0
S3150000D890102294437D4A12686B46197005007C4E2F
S3150000D8A0D00506D5802040007A4908602800012569
S3150000D8B005430398002811D10C20284008280DD0D4
S3150000D8C028006E49496BCA0601D410229043890686
S3150000D8D001D420218843B12101406ED068460078EA
S3150000D8E000286CD0B06BB16D012201234007400FB8
S3150000D8F0801D8340C804C00C181A80B2082809D2BB
S3150000D900802506205D4908601004A34908600020B0
S3150000D910694608708120284054D0082003990029C0
S3150000D92000D13062390008270F43102084430420B9
S3150000D93004900005A64908604008A0490860A5486B
S3150000D940026068460078002839D0049806283FD33C
S3150000D950A148806BC0063BD59F49486D80B2C2B2D4
S3150000D9603261000A30619D480068000E0190086827
S3150000D97080B202909948006A000604D0029880217D
S3150000D980490101430291FFF7BCFC00280AD0FB20A5
S3150000D99080010078C00605D002988021C9010143A4
S3150000D9A089B20291029830610298001230613748BC
S3150000D9B00268D00500D573E70AE0082030620094BB
S3150000D9C0059731E099A06906C90E405C0490B8E756
S3150000D9D0009405970498294BD96A804A12683468DE
S3150000D9E06F463C810C00282727400743880CC0015E
S3150000D9F03843090E21401024214001439000402263
S3150000DA001040084302A98870186B000AC870FFF717
S3150000DA1099FA02A908710198487171480068C8808E
S3150000DA200298F0660398F0660698FFF759FC0824FA
S3150000DA300098400601D566488460FFF762FC00281E
S3150000DA4005D068480078002801D06748046005982A
S3150000DA50C1B22800FFF70BFB009807B0F0BD00002D
S3150000DA60400102A8081A03D2604909684018401C00
S3150000DA7070470000441002A80C4000A8180002A835
S3150000DA801CC000A8643F0000B46000A81C0100AAE6
S3150000DA90540000AA1C2100AAF8B5554F0F240125F1
S3150000DAA0544910265448406B30401BD00120087062
S3150000DAB0524800687969FFF7D5FF5149096840184F
S3150000DAC001285DDB01F0B6F94E490968090B0C40E7
S3150000DAD0022C53D169054C4A11604C49CE63464924
S3150000DAE00D604BE02E024448C06BC0001ED548486E
S3150000DAF00068E0218905014042D0424D2868210393
S3150000DB000140700181423BD1FFF7E1FB414A4249A6
S3150000DB100968314002D04149096811602968090B3A
S3150000DB2021400229F3D0FFF7DBFBF1BD3C4800683A
S3150000DB30002825D00D7001F0B7F8002820D101F09B
S3150000DB4079F930490968090B2140022916D12F4A73
S3150000DB5011606902396028490E602A4A1168090B6A
S3150000DB6021400229FAD01168090B0C40032C02D07F
S3150000DB702904254A11600021294A116001F05EF945
S3150000DB80F1BD80208004274908607047802040044A
S3150000DB902449086070470000141100AA8020C004C0
S3150000DBA0204908607047802000051E4908607047BC
S3150000DBB0802040051B49086070470000205001A8DE
S3150000DBC019480168490701D0FF21416170470000EB
S3150000DBD0401002A8006101A81C4000A8084001A846
S3150000DBE0448001A848380000845000A838C001A825
S3150000DBF00CC001A8733E0000100002A81CC101A8B9
S3150000DC00DC3E0000AC0002A81C1002A8082002A8F6
S3150000DC10204001A8800000AA084000A8904000A863
S3150000DC20483E0000382002A80C4000A80301070661
S3150000DC300301070605010606050106060302070697
S3150000DC40030207060502060605020606FF2808D097
S3150000DC50022806D2FE2189010978C140C807C00FF3
S3150000DC607047002070470000F0B5802000020821B0
S3150000DC70A34A11600A210122A24C01238B400343CF
S3150000DC80B5A56D5C1D43A560F0259F4E35609C4D86
S3150000DC90B4A6765C022737432F6004262E609B4D80
S3150000DCA02D68154006D1D5026D1E03D0A66C36032D
S3150000DCB0FAD401E00220F0BDA56CE66C6D036D0B95
S3150000DCC0AE4200D21800491ED7D508218E4B1960E6
S3150000DCD0A0608F490968490113D58E494B785D1CB0
S3150000DCE001262E404E701D00062675434D192468E8
S3150000DCF0AC80E8800B70FE20800101789A400A43D0
S3150000DD0002700020F0BDF1B582B0FFF72EFC0024B2
S3150000DD107F480068400101D401251CE07E48806BE5
S3150000DD2000217C4ACBB206256B43D3189B8885B26B
S3150000DD30AB4204D0491CCBB2022BF3D3FF211170A6
S3150000DD40012573490968490105D51078FFF77EFF5B
S3150000DD50002800D000257148006871498861714E1D
S3150000DD6002980068316D4718012F15DB00F071FD30
S3150000DD703060C001381A01280EDBFFF7FBFB00F00C
S3150000DD8093F802980068316D401800F08DFF060088
S3150000DD9002D00298046085E0634F802080003860DE
S3150000DDA05F4A106807282ED005210840052805D0AF
S3150000DDB011600C2000F08AFF060073D15B4E5C48B0
S3150000DDC03062FFF7D7FB02203060E020C0025949DD
S3150000DDD0086000025849486080208004786002206C
S3150000DDE03860012000F072FF80204000306202207F
S3150000DDF000F06CFF902040013062022000F066FFC8
S3150000DE008020C00030624D4FE02040003860042082
S3150000DE1000F05CFF06003DD1022047490860800201
S3150000DE20B862C001B86210203B4908600120F8655D
S3150000DE3040274348006838401BD1354800684001F8
S3150000DE4013D5344800786946087068460078FFF7AD
S3150000DE50FDFE002809D02F4869460978062251435D
S3150000DE604018C0882C49086403E0FFF7FDFE060051
S3150000DE7018D1294801210160C467022000F026FF5D
S3150000DE80304C2760B8002060022000F01FFF812080
S3150000DE90C002A062002D05D029480068800101D487
S3150000DEA0FFF7F6F93000FEBD70B5FFF75EFBFFF732
S3150000DEB061FB022618480660234DF0022862C4085A
S3150000DEC02C62012000F002FF600828622E601F48C5
S3150000DED02862E02040001B490860174D2E60FFF7BE
S3150000DEE0E0F91B4E3078002800D005200C49086068
S3150000DEF0FFF7E0F92C6017480068B06370BD0000BA
S3150000DF00889001A8448001A888A001A8140002A84E
S3150000DF10EC3E00005C3E00000C8001A8F80302A85D
S3150000DF203C0102A88C3F0000941002A83C1102A8F4
S3150000DF30BD080000142102A8942002A82C9001A874
S3150000DF404C0002A82CA001A83C2102A8FD680000F4
S3150000DF505C3F0000300002A8000000010102040836
S3150000DF6010202000505050404040403020202000DB
S3150000DF70F8B50400FFF7FEFA2948C021C900294A6E
S3150000DF801268F823DB01134002D1274A116000E032
S3150000DF90016000942549AC2252008A640A220A6074
S3150000DFA02349802252030A60224C626A224B1340A4
S3150000DFB08022D2001A4362628022226002224260DC
S3150000DFC05003C8601D48E0601D4E4C20F0661D4D94
S3150000DFD068699621C901471800980068874200D3EE
S3150000DFE00700C01B0099086000210098FFF78BFE10
S3150000DFF000990968C919009A1160316829601249A7
S3150000E0000968490601D5114900E011492161F2BDAF
S3150000E010802000010F49086000010F490860704721
S3150000E020582102A8AC8001A8581102A80C8001A8AA
S3150000E030941002A8440102A8FFF1FFFF286E060013
S3150000E040300002A8903F0000FC0302A8CC3F00006D
S3150000E050C43F0000401002A8685000A8F1B584B083
S3150000E060B44800680390B448406B9621C901401833
S3150000E0700499884205D2081A00F016FE002800D03E
S3150000E08013E2AE4C6068C00700D50EE20420AC492E
S3150000E09088628003AB494862AB480568606B8607B7
S3150000E0A0B60F032E03D01020A549886224E08020F5
S3150000E0B080024862A06B800601D5012063E0280635
S3150000E0C010D5A06B022210400CD1A0480523036096
S3150000E0D0A36B10273B401A43026000220260626B6A
S3150000E0E0120A026004208862A06B002804D58020F2
S3150000E0F08002934948620026606B400705D5606B35
S3150000E100C00080214900084003E08B488068C107B1
S3150000E11001D5FFF70BFB0122154008D0B748B10126
S3150000E1204018006AC004C00C401EB54908600020B3
S3150000E1300021B44BDB6E1B0417D5B34B1B68002BB9
S3150000E14013D40121AE4B5B69002B0ED0AF4B1A7076
S3150000E150AF4A10601022AF4B1A60CA06AE4B9A67E0
S3150000E1600723AD4D2B60AB4B5A65AC4AC0239B00D1
S3150000E17013603502002901D0190000E02900CC4EB9
S3150000E180316053607560E16B942292050A40160077
S3150000E19000D0012680252D02304300062CD06A4887
S3150000E1A02821405CC0210140402902D1FFF786F9B1
S3150000E1B001E0FFF790F920202060360600D174E1D7
S3150000E1C0944E606B400708D568085E494862022095
S3150000E1D0706000F059FA002806D004205849886279
S3150000E1E0400258494862756057480078000600D4D6
S3150000E1F05BE128015249FEE00126606830405AD1B1
S3150000E200AC480068C005400F022803D0032801D09F
S3150000E210062802D169464E7005E00020694648701E
S3150000E220A548A6494860A80046498862FFF739F81C
S3150000E2307348406EE16B0D4008D1C00606D5FFF766
S3150000E24046F802219E4A1160FFF74AF8FFF732F8B6
S3150000E250300320609B4DC02000066860300497495B
S3150000E2600860606B4007C10F684601703020039953
S3150000E27049072CD54021A24A1162904F49013966BF
S3150000E280032191640021116028607E65802068600A
S3150000E290062000F01BFD00280DD13002F866022092
S3150000E2A000F014FD3002974988661820686008203F
S3150000E2B000F00CFD002800D0F7E024206860E02084
S3150000E2C0C0029049C865A020C00238666FE0E16BC5
S3150000E2D0C90246D5BE4949680902090E0191490994
S3150000E2E0022901DB884901E0B3218900019A302A1D
S3150000E2F037D3114A1388E72B33D395277F00BB42C8
S3150000E30005D8FB1A1B095943890A4F4204E07F4F7F
S3150000E310DB191B0959438F0A7FB20199C919536B3F
S3150000E3209C46136C5F436346DB1953639F290FD3E7
S3150000E3309F2110E0FC0302A8703F0000100002A815
S3150000E3401C2002A81C1002A8C43E0000E40000AA7B
S3150000E350202900D821210A020A4309041143294A27
S3150000E36011606749B2020A629A4A8A6414220A60F4
S3150000E3702860524F7E65E020C0026249C865B0033E
S3150000E380B86640026860062000F0A0FC002833D181
S3150000E3903606FE66022000F099FC5A488666700929
S3150000E3A06860082000F092FC002825D16E600320EA
S3150000E3B000F08CFC88481849886700F04AFA874EB6
S3150000E3C0401DC001716B401801908548406F802147
S3150000E3D0C9010840029008468249086001980499DC
S3150000E3E088421FD20846716B401A00F05DFC002877
S3150000E3F016D002987C49086057E000BF0C0000AABE
S3150000E400204000A8CC4001A8784201A8723E000036
S3150000E4106C3E0000645000A83C6000A8046100A89F
S3150000E42004980190206A306304270398384001D08D
S3150000E430402002E0F8056860C0086860012000F02E
S3150000E44045FCB8011D490860019800F02DFC8A4D75
S3150000E45068460078002805D161480068E8613805FB
S3150000E46086490860029860490860854885490860C1
S3150000E47024487902416669464978002900D1076037
S3150000E480206AB06268460078002808D0012000F0B3
S3150000E4901DFC2878000602D5780492490860E06BD6
S3150000E4A0C00202D54A480068706305B0F0BD00BFDF
S3150000E4B0045100A8204001A8040000FFB41002A8DF
S3150000E4C07CE40350441102A810B5FEF700FF86490C
S3150000E4D000240C600A22CA61FEF702FF8348C021AD
S3150000E4E08902016082494160824810210160C905A4
S3150000E4F041654020804908608048047010BD0000D6
S3150000E500400102A8B82002A833070000D6FEFFFF8C
S3150000E5107B48406B800300D47047F8B5794804689F
S3150000E5200027002000257849E20706D5C020800292
S3150000E5308025ED03EA0A0A6003E0A20701D403205E
S3150000E54040252843C862012000F0C0FB802040001F
S3150000E5506E49086708206E4908606E490968090215
S3150000E56003D46D4909680140FBD0012000F0AEFBE1
S3150000E5706A4EE00702D580208004306435640420AA
S3150000E58000F0A4FB600702D5E020C002F0606448FA
S3150000E5903064012000F09AFB62483064C320000614
S3150000E5A030645A498020400208671020B063800218
S3150000E5B070615D480760012232603022F263876233
S3150000E5C0802080014E4A106000010860F1BD000005
S3150000E5D0F83F0000F3070000FFFF7F7F703F000059
S3150000E5E020C001A894E001A894D001A8F8B54F482E
S3150000E5F000680D2707400424002F00D104274C484B
S3150000E6001025660308214B4A4B4B1B6823401268B2
S3150000E61014D04260394004D00220FEF795FD4748E9
S3150000E62006603C4007D046480068054344480560FC
S3150000E630B008424908600220424915E002603940AC
S3150000E64005D00220FEF780FDA0023C4908603C4050
S3150000E65006D03B4801680D430560700937490860DC
S3150000E66038480660300329490860FFF751FF00214A
S3150000E6700020FEF7FCFCF1BDC43E00001C1002A801
S3150000E68003000300482102A810B580202E490A681D
S3150000E69002400AD02D4A136806241C4005D1546E48
S3150000E6A02B4B2340126D940101D5002010BD096843
S3150000E6B008400DD02748834203D1100501D501201B
S3150000E6C010BD25480068C107C90F481E8041C00F0C
S3150000E6D010BD22480321C163A82181631021016076
S3150000E6E0704700001C2002A8D80000AA402002A8FB
S3150000E6F004000080646000A82C4000A8723E000060
S3150000E700100002A8FC0302A81C1102A8442002A8BB
S3150000E7104C6201A8C44001A84C4201A8082102A8E5
S3150000E7202400000198008800600102A8B44000A8F7
S3150000E730E43E00001CC101A8440002A8401002A843
S3150000E740643F0000685000A8400002A814C001A859
S3150000E7501F1F0000010C000030C101A8082002A8FC
S3150000E7606C4800680121084209D16B4A12686B4B5C
S3150000E770000C1840F03291400B40984201D0022024
S3150000E780704700207047F8B507000F386A461080BA
S3150000E790604CA0680A0004D16B461B8882B29A427C
S3150000E7A03AD200226B461A80012502263A0013D07F
S3150000E7B02268324007D000292ED059480088401CD4
S3150000E7C05749088000203900E16056490E6080B242
S3150000E7D0B84201D369460D805348456000E030BF1A
S3150000E7E02068304003D1FFF7BBFF0028F7D04D4823
S3150000E7F04560390010D02168314005D048490A8863
S3150000E8006B461B88D2180A8006600020E060A0686C
S3150000E810B84201D244480660FFF7A2FFF2BD38B500
S3150000E820040000F007FB0500012199204443A009DC
S3150000E8303E4A12688018123880B2FFF7A4FF04001F
S3150000E8408020C0013A490860280000F0F7FA20004D
S3150000E85032BD334803883549096802889342F9D1A5
S3150000E860100408187047FEB51238070C6946088070
S3150000E87000F0E0FA0190274C294D2888B8421ADAB0
S3150000E88001202C490860274E30BF02202168014034
S3150000E89006D030604003264908602888401C28803E
S3150000E8A0FFF75EFF002802D12988B942ECDB01217F
S3150000E8B0716000280DD12888B8420AD1A06869463F
S3150000E8C00988884205D2002168460088FFF75BFF69
S3150000E8D001E0FFF745FF04008020C00114490860ED
S3150000E8E0019800F0ABFA2000FEBD10B512490A6887
S3150000E8F00E4B1B680C689442FAD0DB014033141AA5
S3150000E90002D288692418641C0C4800684443181B0A
S3150000E91010BD0000280002A804ED00E0FF3F000043
S3150000E920703E0000282002A8281002A8300002A885
S3150000E93080E200E02C1002A820C001A8B43F00002D
S3150000E940F0B502E00A601C602E607EC84F1C07D03E
S3150000E9505F1C04D06F1CF5D10A601C60F0BD0A6014
S3150000E960F0BD000080B5FEF7EFFB01207F4908608F
S3150000E97001BD80B5EB2000F001F801BD30B57C4942
S3150000E9800A68104010231A4210D07A4A7A4C24683A
S3150000E990234008D0A74B1C682402FF252D022540E2
S3150000E9A0D56200241C6080235B031360086030BDC1
S3150000E9B0F0B50024A04D00270BE0BC46075D6F4371
S3150000E9C0A60096597E400F5D6F4337406646374333
S3150000E9D0641C9C42F1D33809384381080143480836
S3150000E9E008430540E90929430F208A0B0A430240E0
S3150000E9F05040F0BDF1B584B00E008E4F0020386057
S3150000EA008E4DE87A0090A87A02900F200099014076
S3150000EA100191009901420DD0019B894A89490498C8
S3150000EA20FFF7C6FF0299014039608748414387488E
S3150000EA30084001D1012400E044010098001116D0DD
S3150000EA403200009803061B0F29000498019E6D7A78
S3150000EA5075194019FFF7ACFF029909110140386892
S3150000EA600A0102433A60002901D04800444378482D
S3150000EA700068204001D1042000E0002005B0F0BD70
S3150000EA8080B50A0000211180724952888018FFF76C
S3150000EA90B1FF02BD70B50F226F4B5C7905780F2070
S3150000EAA02040C5402009284001259C79C4402C40BF
S3150000EAB001D1032070BD304C2468254005D09D68E7
S3150000EAC04600AD5B6D1E654E3560DD78DE79C6406D
S3150000EAD0F00711D5E0060FD5002D0DD0604848602F
S3150000EAE00888488008881C7800192A4080185A78B7
S3150000EAF080182A09801800E000200880002070BDD8
S3150000EB0080B558480168584A0820014201D0506132
S3150000EB101061C90602D58621090111605349544A7C
S3150000EB20126812040CD5534A1268530401D5C00367
S3150000EB3005E0C0239B0113404202934200D00860C7
S3150000EB400D480078C022024002D1802040050860AE
S3150000EB504948006820221040086048480068C00103
S3150000EB6001D4FFF706FF01BD000000002C4000A8FD
S3150000EB706C3F00001C1002A8C43E0000F8B5404FD0
S3150000EB8038687E6806403F4830403F490860802428
S3150000EB90A4033E4DF00226D53D48016801200A0631
S3150000EBA005D53C490968A9602870022014E0014295
S3150000EBB002D03949A9600FE00020C9060CD52849C2
S3150000EBC0A96036498A7813071B0F09785918120964
S3150000EBD08918A980E880A888A880002801D0264343
S3150000EBE001E0FFF7C6FE264023D0274E746034604E
S3150000EBF0A88800280BD0F969814208D3291D284826
S3150000EC00AA6890470100F3D0FFF7ACFEF1BD010002
S3150000EC100CD0FC218902B161224902038A61346069
S3150000EC204C60FA69824204D30C60F1BDEB20FFF719
S3150000EC30A5FEF1BD4C3E0000010101013C3F000074
S3150000EC40F43E0000343F0000111100002184000052
S3150000EC50F03E0000143F0000443F0000204000A8A2
S3150000EC60811F0000F84F0000302102A8441002A8BE
S3150000EC70384101A8204201A8084001A8CC4000A8BC
S3150000EC80B44000A8FFFFDFFFB46000A8503E0000BC
S3150000EC90C43E000044380000951F0000453F0000B8
S3150000ECA0D44000A8B45000A810B5C409FFF7D1FDA0
S3150000ECB0201A312806DAC000183801D4C01EFDD546
S3150000ECC0002010BD2000FFF7CEFD10BDC321484334
S3150000ECD06F3801D41E38FDD500207047FEB5C02020
S3150000ECE0C0043649086036483649C8651024364897
S3150000ECF004601020FFF7EAFF00285ED1FF20000520
S3150000ED003249086032483349086033482D49086063
S3150000ED1025042E480560314807680820FFF7D6FF0E
S3150000ED2000284AD108262E4806600120FFF7CEFFAC
S3150000ED302A48806802902B4806602B4821490860C3
S3150000ED40224805600820FFF7C1FF002835D1244876
S3150000ED5006600120FFF7BAFF204DA8680190214800
S3150000ED600660184E214830600299019800F046F876
S3150000ED700104FC208003084000900298C10B019812
S3150000ED80C00B00F03BF80006FC2189050140009805
S3150000ED90014317480A0C4240FF239B1CD21810401F
S3150000EDA0084330602F60E00308490860286828603F
S3150000EDB010480460104981640020FEBD20E000A8D0
S3150000EDC0F71700002C0102A8401102A8B02002A8E3
S3150000EDD00000380EB01002A810103030E04001A834
S3150000EDE0E05001A8E06001A830301010202020205B
S3150000EDF03F3F0000402102A8F7FFF00010B549048C
S3150000EE00CA104004C310991A00209A18D30F9A18F2
S3150000EE10521052188B115B0E5B18DB11D21820238F
S3150000EE20541A01D422001843CC0F611849105B080C
S3150000EE30F6D110BDEFF3108072B67047002800D1EE
S3150000EE4062B6704780B5FEF75CFA002802D0B74874
S3150000EE500068804701BD80B5FEF796FAC048006895
S3150000EE6000030AD4FEF7E0FCFFF752FBFEF743FC73
S3150000EE700120FFF729FBFFF717F880208005FEF732
S3150000EE801EFA01BD80B5FEF77FFA80204002FEF72C
S3150000EE9016FA01BDF8B5FEF704FA052083490860A5
S3150000EEA0FEF708FA824806680124264201D1FEF7D9
S3150000EEB05CFBFEF769FA7F48016800917E4A40686C
S3150000EEC01060B105C80F002126420FD00091984B63
S3150000EED05D6815601A68974B1F68BD1ABA4202D35F
S3150000EEE09F69ED196D1C9F4FBD42F5D39E4D29605C
S3150000EEF0002804D031000098FDF7C4FF0090286870
S3150000EF00204004D16846FEF75CFB002802D1009839
S3150000EF10FEF7AAFBB44804606004FEF7D0F9F1BD21
S3150000EF2038B5924C0020A063E06BC00506D5802062
S3150000EF300006206000BF00BF40082060FEF70AFC04
S3150000EF408B480068C021090181438A480160FEF7A9
S3150000EF501BFAFDF743FE0500A448A5490860FFF724
S3150000EF6071FF8020C002FEF7AAF9002D01D0802093
S3150000EF70206001209F49087031BDF8B59E480068A1
S3150000EF809E49096801409E480160FEF7FDF9FB278E
S3150000EF90BF012C20385C0521014002D0FEF78EFA15
S3150000EFA001E0FEF798FA714C0225F86A284001D074
S3150000EFB0012020601020C043924908600026924834
S3150000EFC00660FEF79EF9002803D090480068804747
S3150000EFD000E03E60FEF765F98D480068E16B0904C4
S3150000EFE007D4000705D5FEF772F98A490D60FEF7CA
S3150000EFF077F9FEF75FF9FFF783FDA804FEF75FF9DF
S3150000F000F1BD80B5FEF7C0F955480068000303D48A
S3150000F010FEF771FBFEF748FF80204003FEF74FF92D
S3150000F02001BD38B5FEF7B0F9504C2025FFF72CFB93
S3150000F030002806D0206B000704D5FFF74AFBFEF731
S3150000F040E7FF2560FEF757FBFEF72EFF72480078B4
S3150000F0500C210140042902D1FEF730FA01E0FEF747
S3150000F0603AFA6804FEF72BF94020206031BD1CB542
S3150000F070FEF717F905200D490860FEF71BF9FEF7A4
S3150000F08083F9FFF726FBBC48006800906846FEF748
S3150000F0906FFF0400FFF7D6FE002C02D10098FEF7A2
S3150000F0A0DDFF80204004FEF70AF913BD3C1102A8DB
S3150000F0B0400002A8B83F0000483E0000F8B5FEF741
S3150000F0C063F9564C256A5020284002D0FEF7F6F91F
S3150000F0D001E0FEF700FA254FFFF7D6FA00281BD10C
S3150000F0E0786B40071DD4386BE0214901014018D1E7
S3150000F0F0A80611D4FEF7D5F8256AA04E354207D0EA
S3150000F100FF20C0432D182562802000059C49086019
S3150000F110FEF7D0F82E4002D00120386001E0002032
S3150000F120206080208004FEF7CAF8F1BD3438000064
S3150000F130D03E000020C001A880B5FEF725F9914811
S3150000F1400068400601D5FEF7D6FA0120FFF7BCF9A4
S3150000F150FEF7AAFE8020C004FEF7B1F801BD00004C
S3150000F1600C0002A801FF0000443E0000100002A8A7
S3150000F1700C4201A8086201A810B527480468FEF7EA
S3150000F18003F981490968090328D40321C00601D57A
S3150000F190214001E0A0080140012902D1FEF78EF9C5
S3150000F1A00BE0200107D50E20FFF7DCFBA748042162
S3150000F1B0016008210160FEF78EF9A54C2069A5497A
S3150000F1C00860FFF73FFE2068002807D0400012289D
S3150000F1D002D2FFF77BFD01E0FFF721FB80208003D1
S3150000F1E0FEF76DF810BD0000402002A87001200057
S3150000F1F0B46000A8733E0000084201A8883F0000E2
S3150000F2000C5201A8442002A84C3E000038380000E9
S3150000F210844000A87CE40350EC3E0000CC3E000095
S3150000F220F8B584B001246846047000270297FEF7FB
S3150000F230ABF80390544D2868000300D596E00320F0
S3150000F240A649C86384480068A54E0F210F220240D4
S3150000F250032A03D0000B014006294DD1A1480068BE
S3150000F260A149CC6DE96B890701D59F490C6EFFF763
S3150000F2703CFB0419FEF745F800280ED03079C0068D
S3150000F2800BD03168000D4843800B2418964800685F
S3150000F290002802D10802400C2418002C01D5019741
S3150000F2A000E00194686B0107C80F0323316B194016
S3150000F2B002291BD10399C90618D5B168CA0513D509
S3150000F2C0AC6B8A4A1440944203D11021834AD1631D
S3150000F2D00CE089050AD4E96B28220A4006D16A4661
S3150000F2E0177027490B6001E06A461770029068465E
S3150000F2F00478002C03D10FE07B48806D0190FFF766
S3150000F300C3F9002808D0FFF7E4F90298002802D0D4
S3150000F310FEF77EFE00E00024022070490860002C03
S3150000F32010D03020305C0C210140042902D0A86B9B
S3150000F330C00602D5FEF7C2F801E0FEF7CCF82020A1
S3150000F340686013E0FEF7D7F9802000060C490860D4
S3150000F35067486849086001A8FEF70AFE0400FFF73F
S3150000F36071FD002C02D10198FEF778FE8020000482
S3150000F370FDF7A5FF05B0F0BDCC3F000000FFFF0084
S3150000F380441002A8440102A80C0002A8FEB50024FD
S3150000F3900194FDF7F9FFFFF755FD574EF06E574DF7
S3150000F3A00007000F072807D17068002804D4002042
S3150000F3B0FFF78AF8286841E001200321504A736864
S3150000F3C05B070BD44F4B1B68034007D01368DF0560
S3150000F3D00BD55B0502D43368DB0503D40190906A34
S3150000F3E0800904E01020484B1860906A000901402B
S3150000F3F000910020FFF768F80098002805D1706892
S3150000F400C00602D4FEF767F801E0FEF757F80020C1
S3150000F4100199002903D13D480068FFF766FA69693A
S3150000F420401801D5009400E000906846FEF7C9F840
S3150000F430002805D10098FEF717F9A8690549086064
S3150000F44080200005FDF73BFFF7BD000080E200E0ED
S3150000F450AC3F0000483E0000AC0002A8F8B5FDF73E
S3150000F46093FF002400252A48066B80277F05300677
S3150000F47006D5300709D5FFF72CF9FEF7C9FD29E0B7
S3150000F480012520480068284019D00020FFF71CF805
S3150000F4900220064002D01F490C60C8611E4804685D
S3150000F4A0002D03D02000FDF779FD0400FFF711F9C8
S3150000F4B02000FEF7D3FD3800FDF701FFF1BD174828
S3150000F4C00078C0210140402902D1FDF7F7FF01E095
S3150000F4D0FEF701F820200E490860ECE7082002A894
S3150000F4E0BC3E00000CC101A8683F000010000010DF
S3150000F4F0FFFF7F7FB46000A8400002A8BC3F000069
S3150000F500C43E0000B44000A8441002A81CC101A8D3
S3150000F510100002A8180000AAD83F0000EC3E000028
S3150000F52000F03CF802480349486000F052F800BF7A
S3150000F530D32A00000000000080B5EFF305800B28F9
S3150000F54001D23A2100E0292192225200002000F047
S3150000F55041FAFEE710B5C30018221A40FF24944072
S3150000F560E3438907090E9140020004D470489208CB
S3150000F5709200801806E0AD4A0007000F08388008A0
S3150000F58080001018026813401943016010BD80B551
S3150000F59074225421002000F01DFA01BD10B5FFF7BA
S3150000F5A049FC0121634A1160634B644A1360644A53
S3150000F5B013600323634C2360634C2360634B196021
S3150000F5C0634B19608023A44C2360D160FFF736FC9F
S3150000F5D010BDFFF72FFC04000025012168B2FFF7DC
S3150000F5E0B9FF6D1C0E2DF8D301210F20FFF7B2FFD6
S3150000F5F001211120FFF7AEFF01211320FFF7AAFF1B
S3150000F60001211720FFF7A6FF03210120C043FFF7C2
S3150000F610A1FF01211B20FFF79DFF73487349086076
S3150000F6207348C16AC16201680160022071490860BD
S3150000F63001208A49086047046F4D28693840FCD08C
S3150000F6402868800101D4FDF713FE2000FFF7F6FBC2
S3150000F650774E0AE000281BD0FDF739FE18E028692E
S3150000F6603840FCD02000FFF7E9FB286E0004000FAD
S3150000F670022801D1FEF710FAFFF7DCFB0400FDF7C4
S3150000F68036FE0028B078E5D0002801D1FDF728FE27
S3150000F69001207178002909D13178002905D17049F6
S3150000F6A00968890601D45349086030BF002171708A
S3150000F6B031780029D6D102214E4A11606749086087
S3150000F6C0CDE76848016840680840674901401B4823
S3150000F6D00160880703D5A4480188491C018070474A
S3150000F6E070B56248016840680840000E000660492F
S3150000F6F080221205104218D05E4B1C68641C1C60E8
S3150000F7005D4C5E4D2D682D0407D5A568002D04D0EF
S3150000F71007250D600125AC4E3560402525601B6828
S3150000F720012B02D910238B62CA67886770BD00005F
S3150000F73000E400E0040002A80000FF3F282002A821
S3150000F7402C1002A840E002A844C002A804C001A8E8
S3150000F750044001A8F8B5854C206B616B014000910F
S3150000F760834D0846286000989849014007D0FDF768
S3150000F770C8FD002803D0009895490968884780206D
S3150000F780009901401CD0F821C90122680A4017D00F
S3150000F790C0231B019A4213D880263606EE622268E1
S3150000F7A00A40954F3F683F043F0F022F01D0032FB9
S3150000F7B003D1002A01D09A42F1D390490E60286005
S3150000F7C08F48007806280DDA0098CC21890101407F
S3150000F7D008D0FFF72FFB04000098FDF782FA2000FF
S3150000F7E0FFF72CFBF1BD0000FFFF9B0800E100E0E6
S3150000F7F0E04001A85C2002A84C0002A810B581498F
S3150000F80008684C6804408048046080210C4205D09A
S3150000F81041607E4801600020FDF763FA600403D56D
S3150000F820802040057A49086010BD00001CED00E00C
S3150000F830723E000038B5774908684C680440E00716
S3150000F84007D5FFF7F7FA0500FDF7E2FA2800FFF7FC
S3150000F850F5FA7148046031BD505201A85C1002A847
S3150000F860F40302A8280002A8FFFF00C0B44000A8C5
S3150000F8703C6000A86C3E00002C4000A8384101A85E
S3150000F880FEB5664C206C666C064001273E4216D0DB
S3150000F8903D0663480560206862490F60002802D073
S3150000F8A00021FDF773FC60480068A021C901884269
S3150000F8B08041C043C00F5D4988705D480560FDF713
S3150000F8C006FD02900220064049D06168CAB2019244
S3150000F8D0090A009108214C4A4303564C0025019E13
S3150000F8E0012E27D0022E38D1009E012E24D1E67893
S3150000F8F00096514E27780C256F430025F551257843
S3150000F9006D0590277F04ED1903272F434B4D2F607C
S3150000F91013604B4A1360321D23780C256B43494D07
S3150000F9202D68009FED19D55022780C235A43B0500C
S3150000F930454A11E00090DCE7002E0ED1434E3760B9
S3150000F9403D4E361D24780C277C4335515360136099
S3150000F950C2043F4B1A603F4A116032490860029860
S3150000F960FDF7BEFCF7BD0000703E00001C4201A87A
S3150000F9704C6201A870B5FDF7AAFC0400FFF75AFA1D
S3150000F9802E490A68D20718D52B4A121DFA239B0165
S3150000F9905D7A0C26754355592A4E36681D60CD682A
S3150000F9A05D604968D9818021C9041D4D2960197B94
S3150000F9B071185B7A0C256B43D150FFF73FFA200094
S3150000F9C0FDF78EFC70BD00003C5000A8020006004A
S3150000F9D030380000002800D0704710B50C00FDF745
S3150000F9E076FC1D490C6001221C4B1A600B6C1340FF
S3150000F9F0FCD1FDF775FC10BDAC0002A8785201A839
S3150000FA003C3E000090C001A890E001A80CC001A8EF
S3150000FA1004ED00E090C000A890E000A800C002A895
S3150000FA20401002A840E002A8404000A8723E000034
S3150000FA30402002A8893E0000300000A860C101A84D
S3150000FA4094D001A8200000A8F42302A860E101A830
S3150000FA5080E200E0F41302A8008002A8409002A809
S3150000FA6088FA000070FA0000A0FA0000B8FA000058
S3150000FA70D800010000000000D0FA000001000000DC
S3150000FA804762758800F04902D800010000000000B6
S3150000FA90F4FA000001000000BA5666C000F0490200
S3150000FAA0D80001000000000018FB00000100000063
S3150000FAB0EB0D9A2500F04902D80001000000000075
S3150000FAC03CFB000001000000247EEA0B00F0490226
S3150000FAD060FB0000809C2B8F80841E0000000000CD
S3150000FAE027005200C0240020000000004C04010042
S3150000FAF000000000C0FC0000809C2B8F80841E004C
S3150000FB000000000027005200C02400200000000072
S3150000FB10500401000000000020FE0000809C2B8F96
S3150000FB2080841E000000000027005200C024002030
S3150000FB300000000054040100000000007CFF0000EB
S3150000FB40809C2B8F80841E0000000000270052003E
S3150000FB50C02400200000000058040100000000003E
S3150000FB60FC4F0103FC0201001040010000410000AF
S3150000FB703C40010010000000484001002007000042
S3150000FB8050400100000400005C4001000D0F000021
S3150000FB900441010003C0010020400301300000467B
S3150000FBA01FC80100002000103840010100000000BD
S3150000FBB05840040118000500400800000900000034
S3150000FBC092000A0080400F018C002C020000000009
S3150000FBD0120012005B808C1B000000000002050E64
S3150000FBE01C2F4353626968615543320416100E0E8A
S3150000FBF00D0C0A08070605040303020202010101AF
S3150000FC0001010100EC40010180B0B18CFC40030110
S3150000FC109C200A0001612080B75635120C41030171
S3150000FC20B8551200A01B042908884040284101014C
S3150000FC3000000000384107014CD4E83B04196F303E
S3150000FC40080E141A20262C32383E10325476980AA2
S3150000FC501D5F0000704101010000000034420101F7
S3150000FC600008000E48420101F4811F00784201019C
S3150000FC700000000038800101114910009C8003013A
S3150000FC80EB40020070380300D0000000A88001118C
S3150000FC90F0010000A8800131055AFD01AC80011178
S3150000FCA0F0010000AC800131053EFD00E4000102D8
S3150000FCB06C2C511154010102C43F0000FFFFFFFFED
S3150000FCC0FC4F0103500301001040010000410000F9
S3150000FCD03C400100100000004840010020170000D1
S3150000FCE050400100010400005C4001000D0F0000BF
S3150000FCF00441010003C0010020400301300000461A
S3150000FD001FC801000020001038400101000000005B
S3150000FD1058400401180005004008000009000000D2
S3150000FD2092000A0080400F018C002C0200000000A7
S3150000FD30120012005B808C1B000000000002050E02
S3150000FD401C2F4353626968615543320416100E0E28
S3150000FD500D0C0A080706050403030202020101014D
S3150000FD6001010100EC40010180B0B18CFC400301AF
S3150000FD709C200A0001612080B75635120C41030110
S3150000FD80B8551200A01B04290888404028410101EB
S3150000FD9000000000384107014CD4E83B04196F30DD
S3150000FDA00A10161C22282E343A4010325476980A2D
S3150000FDB01D5F80A470410101000000003442010172
S3150000FDC00008000E48420101F4811F00784201013B
S3150000FDD00000000038800101114910009C800301D9
S3150000FDE0EB40020070380300D0000000A88001112B
S3150000FDF0F0010000A8800131055AFD01AC80011117
S3150000FE00F0010000AC800131053EFD00E400010276
S3150000FE106C2C511154010102C43F0000FFFFFFFF8B
S3150000FE20FC4F0103A4030100104001000141000042
S3150000FE303C4001000000000048400100A00700000F
S3150000FE4050400100000000005C400100000000007E
S3150000FE5004410100FF4C0000204003010000008621
S3150000FE601FC0010000600000384001010000004092
S3150000FE70584004016402FF00400800000100000031
S3150000FE809200080080400F018C000C020000000068
S3150000FE90D703220000000000000000000002050D4C
S3150000FEA01A2D3F506068696357463525150D0908B8
S3150000FEB00706050504040403030303020202020203
S3150000FEC001010101EC40010190382C8CFC4003013A
S3150000FED09C200A00055B58804737414A0C410301C4
S3150000FEE0B85552002A194929893B40402841010149
S3150000FEF0FFDD000038410701E853FA00000000006A
S3150000FF0000000000000000000000000000000000EB
S3150000FF100000000070410101C103000034420101EC
S3150000FF200000000E4842010158AA1EC07842010195
S3150000FF30000000003880010111491000A080020174
S3150000FF4070780300FFC00200A8800111F0010000D4
S3150000FF50A88001310542CB01AC800111F0010000FF
S3150000FF60AC800131050A0D00E40001026C2C511130
S3150000FF7054010102C43F0000FFFFFFFFFC4F0103D5
S3150000FF80F803010010400100014100003C4001005F
S3150000FF900000000048400100A0070000504001009A
S3150000FFA0000000005C400100000000000441010068
S3150000FFB0FF4C000020400301000000861FC0010026
S3150000FFC00060000038400101000000405840040174
S3150000FFD0C804FF0040080000010000009200040071
S3150000FFE080400F018C000C0200000000B6032200C6
S3150000FFF000000000000000000002050E1C2F435305
S31500010000626968615543320416100E0E0D0C0A081A
S3150001001007060504030302020201010101010100B1
S31500010020EC40010190E82B8CFC40030190200A0072
S31500010030055B58804737414A0C410301F56252007E
S315000100402A194929893B404028410101FFDD000069
S3150001005038410701E853FA000000000000000000E3
S315000100600000000000000000000000000000000089
S3150001007070410101C1030000344201010000000E7C
S315000100804842010158AA1EC0784201010000000041
S315000100903880010155251000A08002017078030007
S315000100A0D0000000A8800111F0010000A8800131F4
S315000100B00542CB01AC800111F0010000AC80013199
S315000100C0053EFD00E40001026E2C511354010102AC
S315000100D0C43F0200FFFFFFFF0C4001000181010048
S315000100E02040020000000000010000003040030033
S315000100F00000000000000000000000004040020077
S315000101000000000000400000604001000101000005
S31500010110A840010007000000BC40040000000000E8
S31500010120000000000000000000000000084103007C
S31500010130FF4C0000FF4D0000FF4D000020C00110E4
S3150001014000F8070020C00130F502080024C00110A4
S31500010150FF00000024C001300013000028C0070082
S31500010160EC80B38343754051A00F00483040000036
S3150001017000000000000000002E02000050C0040034
S31500010180511130040E2D09E654060708D1B60200B6
S3150001019064C00A000430001C403018090D6479203F
S315000101A0EBFCFB017FF6E803BD4B721511A31805A5
S315000101B010325476980A0000000000000800010180
S315000101C00807000018000101AAAAAA0020000101DF
S315000101D00060DA001C400101100000002C40030100
S315000101E000800000000000030000000068400201DA
S315000101F02941767100000000BC40020100000000A8
S3150001020000000000E0400201330000000000000091
S31500010210F4400201640483078813C83A24410101AA
S3150001022000000000344101010C01000054410101AC
S3150001023001010000684102016404830788138200FA
S3150001024030420101000000003842020100000000B6
S31500010250000000004442010100000000544209016F
S315000102600000000000003C0000000000000000004B
S31500010270555555551700000000000000000000000C
S31500010280AAAA06007C42020100000000000000004C
S3150001029010800101030000003C8001010100000003
S315000102A0B08002010003000237000001980002023B
S315000102B0000C00044C000000A40001020004000030
S315000102C0D0000202050040AA88010000F4000202E3
S315000102D0000000003D210811FC0001123F00000052
S315000102E0FC00013200540400300101026000510299
S315000102F06801010200040000FFFFFFFF1400000077
S315000103000000800000000000F4040100B4040100B4
S3150001031000000000802596000048E80140420F00D9
S315000103200108F50011495002000000005C040100BB
S315000103300000000000000000000000003E420F0027
S3150001034000000000000000000000000000000000A6
S31500010350140000000000800000000000F404010009
S31500010360C404010000000000802596000048E80151
S3150001037040420F000102F500114950020000000041
S315000103805C04010000000000000000000000000005
S315000103903E420F00000000000000000000000000C7
S315000103A000000000140000000000800000000000B2
S315000103B0F4040100D4040100000000000047860097
S315000103C00048E80180841E000101F5001149500230
S315000103D0000000005C0401000000000000000000B5
S315000103E00000000055841E0000000000000000000F
S315000103F00000000000000000140000000000800062
S3150001040000000000F4040100E40401000000000003
S31500010410841743000024F40040420F000101F50057
S3150001042055255003000000005C0401000000000097
S31500010430000000000000000038420F00000000002C
S31500010440000000000000000000000000030300009F
S315000104500304000003020000030100000200000083
S3150001046000F049020614000000E09304053800007C
S31500010470A00800000000580901040706100A01043B
S315000104800707C80A00040807800B00040808380C8F
S315000104900004090861080000000068080000000067
S315000104A0C709010404032C0B01040404920C010482
S315000104B005040000F5DA0200102700002C010000F7
S315000104C02C010000E5BF000010270000C20100005A
S315000104D0C201000050C3000050140000FA000000E1
S315000104E0FA00000050C30000FC210000B301000027
S315000104F0B3010000193F01060410010000010106C5
S3150001050000102700000C00000000000000000000A1
S31500010510BCFDFE7F010000002405010088240020A7
S31500010520180000000000000000000000FFFF0000AE
S3150001053034CA000051B80000FFFFFFFFE1B9000017
S31500010540DDB90000FFFFFFFFE5B90000FFFFFFFF78
S3150001055069BF0000C5BF00008F2A0000FFFFFFFF33
S3150001056000000000FFFF040008070200FFFF0D0066
S315000105700000000005050FFF0DFF0F7FA902000017
S3090001058081020000ED
S503105993
S70500000000FA
